doi,authors
10.1002/jclp.21951,"['Catherine DeCarlo Santiago', 'Stacey Kaltman', 'Jeanne Miranda']"
10.2307/2095905,"['Jane D. McLeod', 'Michael J. Shanahan']"
10.1192/bjb.2020.78,"['Lee Knifton', 'Greig Inglis']"
10.1016/j.socscimed.2014.01.012,"['Gindo Tampubolon', 'Wulung Hanandita']"
10.1111/j.1939-0025.2010.01007.x,"['Thema Bryant‐Davis', 'Sarah E. Ullman', 'Yuying Tsong', 'Shaquita Tillman', 'Kimberly Smith']"
10.2307/2137292,"['Jane D. McLeod', 'Michael J. Shanahan']"
10.1186/s12905-020-01149-5,"['Lauren Cardoso', 'Anna Scolese', 'Alzahra Hamidaddin', 'Jhumka Gupta']"
10.1186/1752-1505-3-6,"['Lamaro P. Onyut', 'Frank Neuner', 'Verena Ertl', 'Elisabeth Schauer', 'Michael Odenwald', 'Thomas Elbert']"
10.1016/j.socscimed.2016.03.009,"['Lori E. Ross', 'Laurel O’Gorman', 'Melissa A. MacLeod', 'Greta R. Bauer', 'Jenna MacKay', 'Margaret Robinson']"
10.1002/jclp.21957,"['Lisa A. Goodman', 'Meghan R. Pugach', 'Avy A. Skolnik', 'Laura Smith']"
10.1016/j.socscimed.2014.05.005,"['Wulung Hanandita', 'Gindo Tampubolon']"
10.3390/ijerph17186726,"['Boqiang Lin', 'Michael Adu Okyere']"
10.1037/0003-066x.45.3.385,['Deborah Belle']
10.2105/ajph.92.2.220,"['Morton Beiser', 'Fengsu Hou', 'Ilene Hyman', 'Michel Tousignant']"
10.2105/ajph.93.5.792,"['Julian Chun‐Chung Chow', 'Kim D. Jaffee', 'Lonnie R. Snowden']"
10.2105/ajph.91.6.927,"['Rafael M. Díaz', 'George Ayala', 'Edward Bein', 'Jeff Henne', 'Bárbara VanOss Marín']"
10.1023/a:1022662704461,['Robert Wilton']
10.1192/apt.10.3.216,"['Vijaya Murali', 'Femi Oyebode']"
10.1002/smi.2646,"['Pilyoung Kim', 'Cynthia Neuendorf', 'Hannah Bianco', 'Gary W. Evans']"
10.2307/353111,"['Pamela Kato Klebanov', 'Jeanne Brooks‐Gunn', 'Greg J. Duncan']"
10.1007/s11482-017-9584-x,"['Chunkai Li', 'Qiaobing Wu', 'Zurong Liang']"
10.3389/fpubh.2022.975482,"['Derin Marbin', 'Stefan Gutwinski', 'Stefanie Schreiter', 'Andreas Heinz']"
10.1136/bmj.330.7486.307-b,"['Katy J Booth', 'Woody Caan']"
10.1177/2167702613501496,"['Gary W. Evans', 'Rochelle C. Cassells']"
10.1300/j013v12n03_11,['Maisha B.H. Bennett']
10.2105/ajph.58.7.1300-b,['John C. Glidewell']
,"['Abraham Kuruvilla', 'KS Jacob']"
10.1093/hsw/hlt013,"['Ujunwa Anakwenze', 'Daniyal Zuberi']"
10.1017/s2045796015000086,['Jonathan K. Burns']
10.1016/j.socscimed.2020.113308,"['Qingsong Chang', 'Chenhong Peng', 'Yingqi Guo', 'Ziyi Cai', 'Paul Yip']"
10.1111/spc3.12168,['China Mills']
10.1108/17465721211289356,"['Michelle Funk', 'Natalie Drew', 'Martín Knapp']"
10.1590/s0104-11692007000700012,"['Rodrigo Sanches Peres', 'Manoel Antônio dos Santos']"
10.1016/j.socscimed.2007.02.037,"['Jishnu Das', 'Quy‐Toan Do', 'Jed Friedman', 'David McKenzie', 'Kinnon Scott']"
10.1016/s0277-9536(02)00342-8,"['Margaret O’Brien Caughy', 'Patricia O’Campo', 'Carles Muntañer']"
10.3389/fgwh.2023.1128169,"['Aishwarya Rohatgi', 'Sambit Dash']"
10.1016/j.lanwpc.2023.100734,"['Rebecca Bentley', 'Lyrian Daniel', 'Yuxi Li', 'Emma Baker', 'Ang Li']"
10.1186/s12905-023-02328-w,"['Marga Marí‐Klose', 'Albert Julià', 'Sandra Escapa', 'Pedro Gallo']"
10.1007/s11199-014-0414-4,"['Kristin D. Mickelson', 'Emily Hazlett']"
10.1017/s0033291796004060,"['George W. Brown', 'PATRICIA M. MORAN']"
10.1017/s0047279409003250,"['Kathleen Kiernan', 'Fiona Mensah']"
10.1521/jscp.2008.27.9.903,"['Kristin D. Mickelson', 'Stacey L. Williams']"
10.1111/1467-8624.00379,"['Stephen Petterson', 'Alison B. Albers']"
10.1080/09540121.2013.825368,"['Jamie M. Lachman', 'Lucie Cluver', 'Mark Boyes', 'Caroline Kuo', 'Marisa Casale']"
10.1176/appi.ajp.159.1.43,"['Vikram Patel', 'Merlyn M. Rodrigues', 'Nandita De-Souza']"
10.1016/j.healthplace.2016.12.003,"['Spruha Joshi', 'Stephen J. Mooney', 'Andrew Rundle', 'James W. Quinn', 'John Beard', 'Magdalena Cerdá']"
10.1111/1471-6402.00090,"['Deborah Belle', 'Joanne Doucet']"
10.1111/j.1540-6237.2009.00645.x,"['Colleen Heflin', 'John Iceland']"
10.1016/j.annepidem.2006.07.008,"['Sandro Galea', 'Jennifer Ahern', 'Arijit Nandi', 'Melissa Tracy', 'John Beard', 'David Vlahov']"
10.1111/cfs.12046,"['William R. Henninger', 'Gayle Luze']"
10.3389/fpubh.2022.977958,"['Jianming Hou', 'Wenjian Zhou', 'Yang Jiang']"
10.2105/ajph.2009.180943,"['Jake M. Najman', 'Mohammad R. Hayatbakhsh', 'Alexandra Clavarino', 'William Bor', 'Michael O’Callaghan', 'Gail Williams']"
10.15709/hswr.2015.35.3.71,"['김태완', '정진욱', '이주미']"
10.1111/1469-7610.00037,"['Susan H. Spence', 'Jake M. Najman', 'William Bor', 'Michael O’Callaghan', 'Gail Williams']"
10.1542/peds.2005-1784,"['Lee M. Pachter', 'Peggy Auinger', 'R.F. Palmer', 'Michael Weitzman']"
10.1007/s10643-016-0787-9,"['Kimberly A. Sharkins', 'Sarah E. Leger', 'James M. Ernest']"
10.1093/ije/28.1.90,['I. Yen']
10.3390/ijerph19021006,"['Jun Zhang', 'Yugang He', 'Jing Zhang']"
10.1176/appi.ajp.2015.15081014,"['Deanna M. Barch', 'David Pagliaccio', 'Andy C. Belden', 'Michael P. Harms', 'Michael S. Gaffrey', 'Chad M. Sylvester', 'Rebecca Tillman', 'Joan L. Luby']"
10.1017/s0033291705005362,"['Giovanni Marcos Lovisi', 'José Ramón Rodriguez Arras López', 'Evandro Silva Freire Coutinho', 'Vikram Patel']"
10.1016/j.jad.2017.12.050,"['Crick Lund', 'Annibale Cois']"
10.1007/s10560-020-00686-0,"['Fikriye Yılmaz', 'Deniz Gungor Ozcan', 'Asena Gökçe Gökoğlu', 'Dilara Turkyilmaz']"
10.1007/s00127-009-0164-8,"['Eugene Kinyanda', 'Patrick Woodburn', 'Joshua Tugumisirize', 'Johnson Kagugube', 'Sheila Ndyanabangi', 'Vikram Patel']"
10.1111/j.1748-0361.2008.00171.x,"['Leigh Ann Simmons', 'Bonnie Braun', 'Richard Charnigo', 'Jennifer R. Havens', 'David W. Wright']"
10.1037/0002-9432.71.2.218,"['Mary Keegan Eamon', 'Rachel M. Zuehl']"
10.1146/annurev.soc.28.110601.141114,"['Robert J. Sampson', 'Jeffrey D. Morenoff', 'Thomas Gannon-Rowley']"
10.1207/s15324796abm2503_03,"['Mary de Groot', 'Wendy Auslanden', 'James H. Williams', 'Michael Sherraden', 'Debra Haire‐Joshu']"
10.1080/01459740.2013.808637,"['Lesley Jo Weaver', 'Emily Mendenhall']"
10.1111/j.1467-8624.1990.tb02762.x,"['Karlen Lyons‐Ruth', 'David B. Connell', 'Henry Grunebaum', 'Sheila Botein']"
10.1177/14649934211059402,"['Nicolás Barrantes', 'Jhonatan Clausen']"
10.1192/bjp.154.1.52,"['Ann Ragin', 'Michael F. Pogue‐Geile', 'Thomas F. Oltmanns']"
10.1073/pnas.2004363117,"['Deanna M. Barch', 'Elizabeth A. Shirtcliff', 'Nourhan M. Elsayed', 'Diana J. Whalen', 'Kirsten Gilbert', 'Alecia C. Vogel', 'Rebecca Tillman', 'Joan L. Luby']"
10.1007/s11482-023-10262-0,"['Jhonatan Clausen', 'Nicolás Barrantes', 'Elena Caballero', 'Henry Guillén']"
10.1177/0091415018768256,"['Shin‐Young Lee', 'Madhu Sudhan Atteraya']"
10.1080/10615800802430933,"['Brian C. Wolff', 'Catherine DeCarlo Santiago', 'Martha E. Wadsworth']"
10.1001/jama.290.15.2023,"['E. Jane Costello', 'Scott N. Compton', 'Gordon Keeler', 'Adrian Angold']"
10.1037/fam0000291,"['Eric D. Finegood', 'C. Cybele Raver', 'Meriah Lee DeJoseph', 'Clancy Blair']"
10.1002/jcop.22086,"['Chunkai Li', 'Zurong Liang', 'Margaret Xi Can Yin', 'Qiunv Zhang']"
10.1007/s10560-012-0263-3,"['Judith C. Baer', 'Misung Kim', 'Bonnie Fader Wilkenfeld']"
10.1080/14459795.2016.1172651,['Mark van der Maas']
10.1136/bmj.317.7151.115,"['Scott Weich', 'Glyn Lewis']"
10.1080/13648470701381465,['Sabina Faiz Rashid']
10.1192/bjp.170.4.351,"['Derrick Silove', 'Ingrid Sinnerbrink', 'Annette Field', 'Vijaya Manicavasagar', 'Zachary Steel']"
10.2307/2657384,"['Catherine E. Ross', 'John R. Reynolds', 'Karlyn J. Geis']"
10.1017/s1368980020004000,"['Pablo Gaitán‐Rossi', 'Mireya Vilar‐Compte', 'Graciela Teruel', 'Rafael Pérez‐Escamilla']"
10.2139/ssrn.2839926,['Elaine K. Denny']
10.1002/imhj.21924,"['Sandra J. Weiss', 'Cherry Y. Leung']"
10.1097/01.mlr.0000185750.18119.fd,"['Murray B. Stein', 'Peter Roy‐Byrne', 'Michelle G. Craske', 'Alexander Bystritsky', 'Greer Sullivan', 'Jeffrey M. Pyne', 'Wayne Katon', 'Cathy D. Sherbourne']"
10.16999/kasws.2010.41.3.327,['Hyunah Kang']
10.1001/archpsyc.62.6.617,"['Ronald C. Kessler', 'Wai Tat Chiu', 'Olga Demler', 'Ellen E. Walters']"
10.1080/14616688.2011.611165,['Émilie Crossley']
10.1080/08964280209596398,"['Sheryl L. Catz', 'Cheryl Gore‐Felton', 'Jennifer B. McClure']"
10.1257/aer.20141406,"['Petra Persson', 'Maya Rossin‐Slater']"
10.1093/alcalc/agh176,"['Deborah A. Dawson', 'Bridget F. Grant', 'W. June Ruan']"
10.1136/bmj.322.7285.544,['Angela Burnett']
10.1017/s2045796023000811,"['Crick Lund', 'Mark J. D. Jordans', 'Emily C. Garman', 'Ricardo Araya', 'Mauricio Avendaño', 'Annette Bauer', 'Vikram Bahure', 'Tarun Dua', 'Georgia Eleftheriou', 'Sara Evans‐Lacko', 'Juan Felipe García Rodríguez', 'Kamal Gautam', 'Martin Gevonden', 'Philipp Hessel', 'Brandon A. Kohrt', 'Lydia Krabbendam', 'Nagendra P. Luitel', 'Sanchari Roy', 'Manuel Seifert Bonifaz', 'Rakesh Singh', 'Mohammadamin Sinichi', 'Katherine Sorsdahl', 'Graham Thornicroft', 'Wietse A. Tol', 'Daniela Trujillo', 'Nicci van der Merwe', 'Syed Shabab Wahid', 'Paula Yarrow']"
10.1001/jama.300.6.655,"['Wietse A. Tol', 'Ivan H. Komproe', 'Dessy Susanty', 'Mark J. D. Jordans', 'Robert Macy', 'Joop de Jong']"
10.1186/1471-2458-10-515,"['Hashima E Nasreen', 'Zarina Nahar Kabir', 'Yvonne Forsell', 'Maigun Edhborg']"
10.2307/1602779,"['John W. Fantuzzo', 'Wanda K. Mohr']"
10.1037/a0031112,"['Rebecca Newland', 'Keith A. Crnic', 'Martha J. Cox', 'W. Roger Mills‐Koonce']"
10.1080/07399332.2012.740112,"['Joanna Crichton', 'Jerry Okal', 'Caroline W. Kabiru', 'Eliya M. Zulu']"
10.1017/s0033291710001546,"['Daniel Freeman', 'Sally McManus', 'Traolach Brugha', 'H. Meltzer', 'Rachel Jenkins', 'Paul Bebbington']"
10.1002/ajpa.20724,"['Craig Hadley', 'Crystal L. Patil']"
10.1177/1049732306289224,"['Carol Anderson', 'Cynthia S. Robins', 'Catherine G. Greeno', 'Helen Cahalane', 'Valire Carr Copeland', 'Rachael Andrews']"
10.1111/1467-8624.00469,"['Gary W. Evans', 'Kimberly English']"
10.1111/cdep.12013,"['Gary W. Evans', 'Pilyoung Kim']"
10.1073/pnas.0811910106,"['Gary W. Evans', 'Michelle A. Schamberg']"
10.1016/j.joep.2009.10.008,"['Catherine DeCarlo Santiago', 'Martha E. Wadsworth', 'Jessica Stump']"
10.1177/0022146515582100,"['Arline T. Geronimus', 'Jay A. Pearson', 'Erin Linnenbringer', 'Amy J. Schulz', 'Ángela Reyes', 'Elissa S. Epel', 'Jue Lin', 'Elizabeth H. Blackburn']"
10.1080/15325020701742185,"['Martha E. Wadsworth', 'Tali Raviv', 'Christine Reinhard', 'Brian C. Wolff', 'Catherine DeCarlo Santiago', 'Lindsey Einhorn']"
10.1038/npp.2014.75,"['Rebecca K. Sripada', 'James E. Swain', 'Gary W. Evans', 'Robert C. Welsh', 'Israel Liberzon']"
10.1080/15374416.2011.581622,"['Martha E. Wadsworth', 'Tali Raviv', 'Catherine DeCarlo Santiago', 'Erica Moran Etter']"
10.1073/pnas.1308240110,"['Pilyoung Kim', 'Gary W. Evans', 'Mike Angstadt', 'S. Shaun Ho', 'Chandra Sripada', 'James E. Swain', 'Israel Liberzon', 'K. Luan Phan']"
10.1111/desc.12082,"['Gary W. Evans', 'Thomas E. Fuller‐Rowell']"
10.1080/10615806.2011.583347,"['Catherine DeCarlo Santiago', 'Erica Moran Etter', 'Martha E. Wadsworth', 'Tali Raviv']"
10.1080/15374416.2012.755926,"['Martha E. Wadsworth', 'Laura A. Rindlaub', 'Eliana Hurwich‐Reiss', 'Shauna Rienks', 'Hannah Bianco', 'Howard J. Markman']"
10.3912/ojin.vol23no03man02,"['Lucine Francis', 'Kelli DePriest', 'Marcella Wilson', 'Deborah Gross']"
10.1146/annurev-soc-060116-053252,"['Craig A. McEwen', 'Bruce S. McEwen']"
10.1080/09669760801892276,"['Heather Ricketts', 'Patricia Anderson']"
10.1097/nnr.0000000000000360,"['Michelle M. Kelly', 'Kati Li']"
10.1037/cbs0000034,"['Howard Steele', 'Jordan Bate', 'Miriam Steele', 'Shanta R. Dube', 'Kerri Danskin', 'Hannah Knafo', 'Adella Nikitiades', 'Karen Bonuck', 'Paul Meißner', 'Anne Murphy']"
10.1093/jurban/jti048,['S. C. Kalichman']
10.1007/s10879-011-9192-2,['Martha E. Wadsworth']
10.1111/fare.12217,"['Eleanor D. Brown', 'Mariam D. Seyler', 'Andrea M. Knorr', 'Mallory L. Garnett', 'Jean‐Philippe Laurenceau']"
10.1002/imhj.20044,"['Helen Raikes', 'Ross A. Thompson']"
10.1111/1467-9566.13084,"['Felicity Thomas', 'Katrina Wyatt', 'Lorraine Hansford']"
10.1038/437181b,['Valeska Stephan']
10.1136/bmjopen-2018-027047,"['Brian J. Hall', 'Melissa R. Garabiles', 'Jacobus de Hoop', 'Audrey Pereira', 'Leah Prencipe', 'Tia Palermo']"
10.1037/ccp0000477,"['Ashley McDonald', 'Amanda Thompson', 'Sarah E. D. Perzow', 'Celina M. Joos', 'Martha E. Wadsworth']"
10.1111/j.1360-0443.2008.02234.x,"['Nina Mulia', 'Laura A. Schmidt', 'Jason Bond', 'Laurie Jacobs', 'Rachael Korcha']"
10.1097/psy.0b013e3181f01be3,"['Seth C. Kalichman', 'Tamar Grebler']"
10.1300/j083v27n04_02,"['Thanh V. Tran', 'Surjit Singh Dhooper']"
10.1007/s10900-015-0132-z,"['Sannisha K. Dale', 'Laura M. Bogart', 'Frank H. Galván', 'Glenn J. Wagner', 'David W. Pantalone', 'David J. Klein']"
10.1037/0278-6133.21.3.254,"['Craig K. Ewart', 'Sonia Suchday']"
10.1007/s12232-016-0265-0,"['Dorothy Watson', 'Bertrand Maître', 'Christopher T. Whelan', 'Helen Russell']"
10.1016/j.socscimed.2017.01.023,"['Lisa Hjelm', 'Sudhanshu Handa', 'Jacobus de Hoop', 'Tia Palermo']"
10.1111/j.1467-9280.2007.02008.x,"['Gary W. Evans', 'Pilyoung Kim']"
10.1177/0886109912443884,"['C. Anne Broussard', 'Alfred Joseph', 'Marco Thompson']"
10.1037/emo0000387,"['Paul K. Piff', 'Jake P. Moskowitz']"
10.1086/697556,"['Stefano Caria', 'Paolo Falco']"
10.1007/s11482-017-9566-z,"['Fernando García–Quero', 'Jorge Guardiola']"
10.1080/17525098.2013.797361,['Jin Huang']
10.1007/s10902-007-9063-4,['Jörg Schimmel']
10.1037/ipp0000053,"['Iolanda Costa Galinha', 'Miguel Ángel García‐Martín', 'Clara Gomes', 'Shigehiro Oishi']"
10.3390/economies12030052,"['Alice Bonou', 'Sameen Zafar', 'Suman Ammara']"
10.1007/s10902-016-9807-0,"['Harald Strotmann', 'Jürgen Volkert']"
10.1007/s12232-017-0274-7,['Andrew E. Clark']
10.1016/j.chieco.2021.101687,"['Jinxian Wang', 'Chen Wang', 'Sihao Li', 'Zhi Luo']"
10.5194/isprs-archives-xlii-4-w16-189-2019,"['Shafiera Rosa El-Yasha', 'Maulana Rizky', 'Totok Wahyu Wibowo', 'Sudaryatno']"
10.1007/s11205-013-0248-4,['María Emma Santos']
10.1111/asej.12094,[]
10.1037/emo0000387.supp,[]
10.5860/choice.50-6869,"['John Malcolm Dowling', 'Chin Fang Yap']"
10.1111/1475-4975.261056,['Bruce Silver']
10.1111/pirs.12722,"['Cristina Bernini', 'Silvia Emili', 'Maria Rosaria Ferrante']"
10.23941/ejpe.v9i1.215,"['Francesca Pongiglione', 'Mikko Tolonen']"
10.1007/s11482-020-09894-3,"['Meltem Ucal', 'Simge Günay']"
10.1007/s11135-020-00974-y,"['Pedro Mateu', 'Enrique Vásquez', 'Javier Zúñiga', 'Franklin Ibáñez']"
10.1007/s10902-021-00443-9,['Salauddin Tauseef']
10.1007/s11205-017-1775-1,"['Jigme Nidup', 'Simon Feeny', 'Ashton de Silva']"
10.1007/s10902-022-00508-3,['Jianbo Luo']
10.1111/j.1533-8525.1992.tb00373.x,"['Paul R. Amato', 'Jiping Zuo']"
10.1080/10875540801967924,['Christopher M. Duncan']
10.1080/00220380903012763,"['John Knight', 'Ramani Gunatilaka']"
10.1177/002214650804900107,"['Sherrill L. Sellers', 'Harold W. Neighbors']"
10.1016/j.jbusres.2022.07.010,"['Jing Zhang', 'Mingliang Chen', 'Zhaohan Xie', 'Jingyi Zhuang']"
10.2139/ssrn.3382594,['Jianbo Luo']
10.1080/13600810903551595,"['John Knight', 'Shi Li', 'Quheng Deng']"
10.1080/02732170902904681,['J. W. Robinson']
10.1111/j.1533-8525.1989.tb01513.x,"['Kevin B. Smith', 'Lorene H. Stone']"
10.1080/02732173.1985.9981739,['Kevin B. Smith']
10.1111/j.0038-4941.2004.00247.x,['Matthew O. Hunt']
10.1093/sf/75.1.293,['Matthew O. Hunt']
10.1111/1540-6237.00116,['Matthew O. Hunt']
10.2307/2580766,['Matthew O. Hunt']
10.1111/j.1533-8525.1996.tb00746.x,['George Wilson']
10.1111/j.1533-8525.1981.tb00679.x,['Lina Burzotta Nilson']
10.2307/799639,['John B. Williamson']
10.1111/j.1559-1816.2005.tb02163.x,"['Heather E. Bullock', 'Irma Morales Waugh']"
10.1525/sop.2011.54.2.205,"['David M. Merolla', 'Matthew O. Hunt', 'Richard T. Serpe']"
10.1037/dev0000585,"['Scott Seider', 'Shelby Clark', 'Daren Graves', 'Lauren Leigh Kelly', 'Madora Soutter', 'Aaliyah El‐Amin', 'Pauline Jennett']"
10.1111/j.1365-2648.2004.03199.x,"['Linda Reutter', 'Wendy Sword', 'Donna Meagher‐Stewart', 'Elizabeth Rideout']"
10.1016/j.jesp.2018.07.012,['Shai Davidai']
10.1016/j.rssm.2016.02.005,['Mauricio Bucca']
10.1080/00223980.2012.718721,"['Michael J. Tagler', 'Catherine Cozzarelli']"
10.3200/gntp.165.3.272-292,['Daniel T. L. Shek']
10.1080/02732173.1985.9981756,['Kevin B. Smith']
10.1300/j067v07n01_09,['Beth Spenciner Rosenthal']
10.1093/sf/sox007,"['Patricia Homan', 'Lauren Valentino', 'Emi Weed']"
10.1080/00049538908260093,['Patrick C. L. Heaven']
10.1108/01443331111104805,['Nazim Habibov']
10.1111/0022-4537.00209,"['Catherine Cozzarelli', 'Anna V. Wilkinson', 'Michael J. Tagler']"
10.1080/01926180490425658,['Daniel T. L. Shek']
10.1007/s10964-011-9699-6,"['Rashmita S. Mistry', 'Christia Spears Brown', 'Kirby A. Chow', 'Geri Collins']"
10.2307/1387587,['Tim Clydesdale']
10.3102/00028312032003627,"['Victor Battistich', 'Daniel Solomon', 'Dongil Kim', 'Marilyn Watson', 'Eric Moskowitz Schaps']"
10.1525/sp.1974.21.5.03a00040,['John B. Williamson']
10.1093/cjres/rsx024,['Andrés Rodríguez‐Pose']
10.5817/cp2019-3-1,"['Pedro F. Hernández-Ramos', 'Christine M. Bachen', 'Chad Raphael', 'John Ifcher', 'Michael Broghammer']"
10.1007/s11092-017-9263-3,"['Linda A. Reddy', 'Christopher M. Dudek', 'Stephanie Peters', 'Alexander Alperin', 'Ryan J. Kettler', 'Alexander Kurz']"
10.1080/00224545.2016.1148006,"['Bernadette Paula Luengo Kanacri', 'Roberto González', 'Daniel Valdenegro', 'Gloria Jiménez‐Moya', 'Patricio Saavedra', 'Eduardo Mora', 'Daniel Miranda', 'Lucas Silva Didier', 'Concetta Pastorelli']"
10.1002/jcad.12029,"['Susan Stewart Bray', 'Marlene Schommer‐Aikins']"
10.22230/jripe.2010v1n2a24,"['Peggy Proctor', 'Deborah Lake', 'Lisa M. Jewell', 'Louise Racine', 'Marcel D’Eon', 'Bruce Reeder']"
10.18084/1084-7219.11.1.1,"['Catherine A. Faver', 'Alonzo Cavazos', 'Brian L. Trachte']"
10.1007/s00355-017-1070-8,"['R. Andrew Luccasen', 'M. Kathleen Thomas', 'Philip J. Grossman']"
10.1111/j.1559-1816.1993.tb01014.x,"['Gail Sahar Zucker', 'Bernard Weiner']"
10.1186/1472-698x-9-5,"['Joshua Ssebunnya', 'Fred Kigozi', 'Crick Lund', 'Dorothy Kizza', 'Elialilia S. Okello']"
10.1163/156916304323072143,['Karen McCormack']
10.2989/16085906.2019.1637912,"['Scholastic Ashaba', 'Christine E. Cooper‐Vince', 'Dagmar Vořechovská', 'Godfrey Zari Rukundo', 'Samuel Maling', 'Dickens Akena', 'Alexander C. Tsai']"
10.1371/journal.pone.0202990,"['James Ayieko', 'Lillian B. Brown', 'Sibyl Anthierens', 'Annelies Van Rie', 'Monica Getahun', 'Edwin D. Charlebois', 'Maya Petersen', 'Tamara D. Clark', 'Moses R. Kamya', 'Craig R. Cohen', 'Elizabeth A. Bukusi', 'Diane V. Havlir', 'Carol S. Camlin']"
10.1111/j.1573-7861.2008.00077.x,['Paul Hirschfield']
10.1016/s0277-9536(02)00304-0,"['Richard Parker', 'Peter Aggleton']"
10.1371/journal.pone.0181568,"['Kathryn Pitkin Derose', 'Denise D. Payán', 'María Altagracia Fulcar', 'Sergio Terrero', 'Ramón Acevedo', 'Hugo Farías', 'Kartika Palar']"
10.1162/rest_a_01013,"['Sayantan Ghosal', 'Smarajit Jana', 'Anandi Mani', 'Sandip Mitra', 'Sanchari Roy']"
10.1186/1758-2652-13-s2-s7,"['Sunil S. Solomon', 'Shruti H. Mehta', 'Amanda D. Latimore', 'Aylur K. Srikrishnan', 'David D. Celentano']"
10.1016/j.jaac.2010.10.006,"['Kathleen R. Merikangas', 'Jianping He', 'Marcy Burstein', 'Joël Swendsen', 'Shelli Avenevoli', 'Brady G. Case', 'Katholiki Georgiades', 'Leanne Heaton', 'Sonja A. Swanson', 'Mark Olfson']"
10.1186/s12888-014-0297-5,"['Eric J. Lee', 'Katherine M. Keyes', 'Adina Bitfoi', 'Zlatka Mihova', 'Ondine Pez', 'Elisha Yoon', 'Viviane Kovess‐Masféty']"
10.2307/25149384,['Sean Purdy']
10.1542/peds.106.1.52,"['Elizabeth Goodman', 'Beth R. Hinden', 'Seema Khandelwal']"
10.1016/j.drugalcdep.2006.10.014,"['Jennifer Ahern', 'Jennifer Stuber', 'Sandro Galea']"
10.3329/jhpn.v30i1.11272,"['Md Tanvir Hasan', 'Samir Ranjan Nath', 'Nabilah S Khan', 'Owasim Akram', 'Tony Michael Gomes']"
10.1037/dev0000883,"['Amy Heberle', 'Alice S. Carter']"
10.1097/jgp.0b013e3181cc0366,"['Kyaien O. Conner', 'Valire Carr Copeland', 'Nancy K. Grote', 'Gary F. Koeske', 'Daniel Rosen', 'Charles F. Reynolds', 'Charlotte Brown']"
10.1037/a0032694,"['Jennifer Pellowski', 'Seth C. Kalichman', 'Karen A. Matthews', 'Nancy E. Adler']"
10.1080/00472778.2021.1890096,"['Michael H. Morris', 'Reginald Tucker']"
10.20533/ijcdse.2042.6364.2013.0157,['Darlene Ciuffetelli Parker']
10.1111/jasp.12947,"['Crystal L. Hoyt', 'Joseph Billingsley', 'Jeni L. Burnette', 'Whitney Becker', 'Alexandra D. Babij']"
10.1080/09503153.2017.1360474,['Hanna Nel']
10.21833/ijaas.2016.11.008,"['Abdul Talib Mohamed Hashim', 'Rosma Osman', 'Fairuz Syazwani Badioze-Zaman']"
10.1111/asap.12367,"['Crystal L. Hoyt', 'Jeni L. Burnette', 'Joseph Billingsley', 'Whitney Becker', 'Alexandra D. Babij']"
10.1080/2331186x.2017.1279381,['Darlene Ciuffetelli Parker']
10.1080/10665680701761854,['Paul C. Gorski']
10.1002/ejsp.3039,"['Thomas M. Graczyk', 'Tobias Wingen', 'Sophia Wingen', 'Simone Dohle']"
10.4103/0973-1075.105683,"['FiruzaD Patel', 'SureshC Sharma', 'Divya Khosla']"
10.12677/ass.2023.1210761,['晨 王']
10.1002/jid.2891,['Mazhar Mughal']
10.4102/ve.v34i1.825,['Johan Janse van Rensburg']
10.1108/et-08-2017-0124,['Oluwaseun Kolade']
10.3390/su14010431,"['Hasbullah Ashari', 'Iffat Abbas', 'Asmat‐Nizam Abdul‐Talib', 'Siti Norhasmaedayu Mohd Zamani']"
10.1093/aepp/ppq025,"['Mariah D. Ehmke', 'Jason F. Shogren']"
10.1126/science.1222426,"['Anuj Shah', 'Sendhil Mullainathan', 'Eldar Shafir']"
10.34218/ijm.11.12.2020.014,['Mohamed Buheji']
10.1002/pop4.283,['Michael H. Morris']
10.1080/19406940.2017.1349827,['Gavin Reid']
10.1080/09614524.2015.1081155,"['Ruth Peters', 'Mimi Lusli', 'Marjolein Zweekhorst', 'Beatriz Miranda-Galarza', 'Wim H. van Brakel', 'Irwanto Irwanto', 'Joske Bunders']"
10.1108/ajems-08-2016-0120,"['Lemun Nuhu Yatu', 'Robin Bell', 'Mark Loon']"
10.1108/ijif-12-2018-0138,['Tariqullah Khan']
10.1080/13691058.2018.1562092,"['Alison H. Norris', 'Nisha Rao', 'Sarah Huber‐Krum', 'Sarah Garver', 'Elly Chemey', 'Abigail Norris Turner']"
10.1016/0305-750x(94)90141-4,['Robert Chambers']
10.1080/09709274.2014.11906735,"['S.M. Kang’ethe', 'Memory Munzara']"
10.1093/occmed/kqw017,"['Emily Callander', 'Deborah Schofield']"
10.1146/annurev-resource-100516-053709,"['David Wuepper', 'Travis J. Lybbert']"
10.1177/019251300021001001,['Aurora P. Jackson']
10.1080/00380237.2002.10570710,"['C.A. Bradley', 'Dennis Cole']"
10.1016/j.adolescence.2019.07.011,['Fang‐Hua Jhang']
10.1016/j.foodqual.2015.06.014,"['Jenny Davison', 'Michelle Share', 'Marita Hennessy', 'Brendan Bunting', 'Jerko Markovina', 'Barbara Stewart‐Knox']"
10.1111/ggi.12689,"['Emily Callander', 'Deborah Schofield']"
10.1515/ijamh.2012.052,"['Diomaris E. Jurecska', 'Kelly B.T. Chang', 'Mary A. Peterson', 'Chole E. Lee-Zorn', 'Joav Merrick', 'Elizabeth Sequeira']"
10.4168/aair.2016.8.2.141,"['Emily Callander', 'Deborah Schofield']"
10.2307/1519799,"['Christopher R. Browning', 'Kathleen A. Cagney']"
10.1080/13674676.2020.1828322,"['Kirk Vander Molen', 'Kieran J. Fogarty', 'Michele L. McGrady', 'Mary D. Lagerwey']"
10.7856/kjcls.2011.22.3.407,"['Si-Hea-Ja Park', 'Seung‐Min Song', 'Yoo-Hyun Lee']"
10.2307/1389785,"['Jason D. Boardman', 'Stéphanie Robert']"
10.4040/jkan.2017.47.3.380,"['Sun Ok Eom', 'In-Sook Lee']"
10.1111/j.1540-4560.1998.tb01227.x,"['Ana F. Abraído‐Lanza', 'Carolina Guier', 'Rose Colon']"
10.1017/s0047279412000979,"['Robert Walker', 'Grace Bantebya Kyomuhendo', 'Elaine Chase', 'Sohail Choudhry', 'Erika Gubrium', 'JO YONGMIE NICOLA', 'Ivar Lødemel', 'Leemamol Mathew', 'Amon Ashaba Mwiine', 'Sony Pellissery', 'Ming Yan']"
10.1007/s11256-019-00503-8,"['Karen Ángel Gómez', 'Floyd D. Beachum']"
10.2307/353914,"['Frank F. Furstenberg', 'Mary Elizabeth Hughes']"
10.1002/imhj.21774,"['Jura Augustinavicius', 'Itziar Familiar‐Lopez', 'Peter J. Winch', 'Sarah M. Murray', 'Caesar Ojuka', 'Michael J. Boivin', 'Judith Bass']"
10.1126/science.277.5328.918,"['Robert J. Sampson', 'Stephen W. Raudenbush', 'Felton J. Earls']"
10.1086/644459,['Thomas J. Kane']
10.1037/0893-3200.13.4.523,"['C. Cybele Raver', 'Bonnie J. Leadbeater']"
10.1353/hpu.2011.0131,"['Maya Vijayaraghavan', 'Elizabeth A. Jacobs', 'Hilary K. Seligman', 'Alicia Fernández']"
10.5465/amj.2015.0715,"['J. Adam Cobb', 'Tyler Wry', 'Eric Yanfei Zhao']"
10.1177/0044118x231163242,"['Jingjing Chen', 'Xiaoyu Guo']"
10.1038/oby.2006.67,"['Hillary L. Burdette', 'Thomas A. Wadden', 'Robert C. Whitaker']"
10.1353/cye.2009.0000,"['Stefan Dercon', 'Pramila Krishnan']"
10.1146/annurev.psych.52.1.1,['Albert Bandura']
10.1016/j.socec.2024.102219,"['Ingebjørg Kristoffersen', 'Dan Hoang', 'Ian Li']"
10.14729/converging.k.2019.7.3.7,['Mi-hee Kang']
10.1177/0266242620960456,"['Maija Renko', 'Amanda Bullough', 'Saadat Saeed']"
10.1016/j.adolescence.2015.09.011,"['Katherine Sachs Leventhal', 'Jane E. Gillham', 'Lisa DeMaria', 'Gracy Andrew', 'John Peabody', 'Steve Leventhal']"
10.1016/j.eneco.2021.105648,"['Sefa Awaworyi Churchill', 'Russell Smyth']"
10.2224/sbp.2006.34.7.777,"['Ramzi Nasser', 'Kamal Abouchedid']"
10.1177/1088868310387615,"['Bernard Weiner', 'Danny Osborne', 'Udo Rudolph']"
10.7336/academicus.2022.25.14,['Seth Oppong']
10.5993/ajhb.28.4.8,"['Tamera Young', 'Jean Turner', 'George Denny', 'Michael E. Young']"
10.1080/10437797.1991.10672201,"['Sanford Schwartz', 'Margaret M. Robinson']"
10.1007/bf01405730,"['Horst W. J. Rittel', 'Melvin M. Webber']"
10.2139/ssrn.2514590,"['Tanguy Bernard', 'Stefan Dercon', 'Kate Orkin', 'Alemayehu Seyoum Taffesse']"
10.5402/2012/501589,['Stephen Gorard']
10.2307/2224214,['Harold Hotelling']
10.1111/j.1745-9125.1986.tb00385.x,"['Jeffrey Fagan', 'Elizabeth S. Piper', 'Melinda Moore']"
10.5330/psc.n.2010-13.38,"['Cem Ali Gizir', 'Gül Aydın']"
10.1606/1044-3894.1847,"['Cindy Juby', 'Joan R. Rycraft']"
10.1080/09669582.2018.1526296,"['Zengxian Liang', 'Bao Ji-gang']"
10.1177/0899764008320196,['Ayala Cohen']
10.1177/07399863890114001,"['Adeline Nyamathi', 'Rose Vasquez']"
10.1177/2156759x0901300103,"['Cem Ali Gizir', 'Gül Aydın']"
10.1177/104438940408500417,"['Cindy Juby', 'Joan R. Rycraft']"
10.1111/j.1467-9450.2011.00921.x,"['Joaquina Palomar-Lever', 'Amparo Victorio-Estrada']"
10.1037/0003-066x.55.1.5,"['Martin E. P. Seligman', 'Mihály Csíkszentmihályi']"
10.1300/j013v12n03_12,['Carlos Portillo']
10.2307/2293955,['Joseph P. Caliguri']
10.5860/choice.48-0381,"['Muhammad Yunus', 'Karl Weber']"
10.1257/089533006776526094,['Timothy M. Smeeding']
10.1037/h0030769,"['Dan Landis', 'John L. Hayman', 'William S. Hall']"
10.3828/idpr.2012.23,['Kim Dovey']
10.1177/017084068700800201,['Alfred Kieser']
10.5897/ijpc2013.0212,"['Ulusoy Yagmur', 'Emine Durmuş']"
10.5860/choice.194640,[]
10.1017/s0022278x99003067,"['Tony Binns', 'Etienne Nel']"
10.1080/13691058.2017.1390162,['Laura Stark']
10.1002/mar.20254,"['Katja Isaksen', 'Stuart Roper']"
10.1111/jsbm.12485,"['Susana C. Santos', 'Xaver Neumeyer', 'Michael H. Morris']"
10.1515/ijnes-2013-0076,"['Nancy N. Menzel', 'Laura Helen Willson', 'Jessica Doolen']"
10.1111/j.1471-0366.2012.00376.x,['Milford Bateman']
10.5840/beq201323326,"['Sridevi Shivarajan', 'Aravind Srinivasan']"
10.3389/fpsyg.2016.01611,"['Dolores Seijo', 'Francisca Fariña Rivera', 'Tania Corrás', 'Mercedes Novo Pérez', 'Ramón Arce Fernández']"
10.3389/fpsyg.2017.00061,"['Sebastián Javier Lipina', 'Kathinka Evers']"
10.1080/10796120120038028,['George Ansalone']
10.14989/70892,"['Abdul Rahim', 'Abdul Rahim Abdul Rahman']"
10.1111/1475-4991.00021,"['Robert Haveman', 'Andrew Bershadker']"
10.1046/j.1365-2524.2002.00382.x,"['Carolyn Chew‐Graham', 'Col Bashir', 'Khatidja Chantler', 'Erica Burman', 'Janet Batsleer']"
10.1002/jid.784,['Robert Chambers']
10.2307/3089992,"['Wanda Rushing', 'Bruce J. Biddle']"
10.1016/j.ssresearch.2006.07.003,['Timothy J. Haney']
10.1002/hbm.23273,"['Yinan Wang', 'Lin Zhang', 'Xiangzhen Kong', 'Ying‐yi Hong', 'Bobby K. Cheon', 'Jia Liu']"
10.3389/fpsyg.2019.00937,"['Satomi Doi', 'Takeo Fujiwara', 'Aya Isumi', 'Manami Ochi']"
10.1016/j.childyouth.2020.104824,['Shan Jiang']
10.1007/s12310-021-09410-4,"['Dora Bianchi', 'Elisa Cavicchiolo', 'Fabio Lucidi', 'Sara Manganelli', 'Laura Girelli', 'Andrea Chirico', 'Fabio Alivernini']"
10.2147/prbm.s349907,"['Bin Liu', 'Shuangle Fu']"
10.1080/10796120220120340,"['Sandra Adler Lent', 'Josefina Figueira‐McDonough']"
10.1371/journal.pone.0243457,"['Keetie Roelen', 'Emily P. Taylor']"
10.1177/001440290206800201,"['Ji-Yeon Park', 'Ann Turnbull', 'H. Rutherford Turnbull']"
10.3390/ijerph17176277,"['Satomi Doi', 'Aya Isumi', 'Takeo Fujiwara']"
10.1177/096673509400000709,['Wendy Langford']
10.1017/s0954579400005587,"['Sheree L. Toth', 'Jody Todd Manly', 'Dante Cicchetti']"
10.2307/2676302,"['Jane D. McLeod', 'James Nonnemaker']"
10.2307/1519798,"['Ronald J. Angel', 'Michelle L. Frisco', 'Jacqueline L. Angel', 'David A. Chiriboga']"
10.5860/choice.38-1255,[]
10.1080/1533256x.2020.1838860,"['Kyunghee Lee', 'Bridget Clancy']"
10.15709/hswr.2019.39.3.148,['kim ja young']
10.1111/j.1759-5436.1999.mp30002005.x,['Mick Moore']
10.1111/j.1467-9701.2004.00589.x,['Rolf J. Langhammer']
10.5860/choice.50-5134,['Paul Tough']
10.1080/00336297.1997.10484222,"['Thomas J. Martinek', 'Donald R. Hellison']"
10.31436/ijes.v9i4.378,"['Azam Othman', 'Hairuddin Mohd Ali', 'Suhailah Hussien', 'Moha Asri Abdullah', 'Norbaiduri Ruslan', 'Merah Souad']"
10.1111/psj.12001,"['Max Rose', 'Frank R. Baumgartner']"
10.1111/1467-8624.00281,"['Aletha C. Huston', 'Greg J. Duncan', 'Robert Granger', 'Johannes M. Bos', 'Vonnie C. McLoyd', 'Rashmita S. Mistry', 'Danielle A. Crosby', 'Christina Gibson', 'Katherine Magnuson', 'Jennifer L. Romich', 'Ana Flávia Albuquerque Ventura']"
10.5860/choice.195387,['Michael Marmot']
10.1542/peds.2006-2775,"['Donald B. Bailey', 'Lauren Nelson', 'Kathy Hebbeler', 'Donna Spiker']"
10.1080/13540602.2014.937960,['Liesel Ebersöhn']
10.2307/1961794,['Charles Noble']
10.5860/choice.43-1202,"['Andrei Shleifer', 'Daniel Treisman']"
10.26817/16925777.286,['Lee M.F.']
10.1080/01436597.2011.604520,"['Nora Groce', 'Maria Kett', 'Raymond Lang', 'Jean-François Trani']"
10.1093/oxfordjournals.jpart.a037114,['Terry L. Cooper']
10.1002/polq.12303,['Brandon Van Dyck']
10.1111/j.1728-4465.2000.00274.x,['Jeremy Shiffman']
10.1080/02681102.1998.9525287,"['Daniel A. Morales-Gómez', 'Martha Melesse']"
10.1093/hsw/36.1.7,"['Flavio F. Marsiglia', 'Stephen Kulis', 'Hilda García‐Pérez', 'Mónica Bermúdez-Parsai']"
10.1177/003172170608800206,"['Jack Jennings', 'Diane Stark Rentner']"
10.1080/02601370.2016.1164468,"['Julia Ann McWilliams', 'Sally Wesley Bonet']"
10.1080/01596306.2013.871447,"['Tebeje Molla', 'Trevor Gale']"
10.1111/ecoj.12210,"['Patricio S. Dalton', 'Sayantan Ghosal', 'Anandi Mani']"
10.2139/ssrn.1975339,"['Patricio S. Dalton', 'Sayantan Ghosal', 'Anandi Mani']"
10.1093/tcbh/15.2.119,['Sarah Todd']
10.2139/ssrn.1966402,"['Patricio S. Dalton', 'Sayantan Ghosal', 'Anandi Mani']"
10.5897/ijeaps.9000003,"['Ken Roberts', 'Graeme Atherton']"
10.1086/696968,"['Travis J. Lybbert', 'Bruce Wydick']"
10.1080/0966369x.2019.1693347,"['Chimaraoke Izugbara', 'Carolyne Egesa']"
10.1111/j.1750-0206.2005.tb00244.x,['Peter Hennessy']
10.1080/03057925.2013.821317,['Jo Boyden']
10.1016/j.worlddev.2015.03.001,"['Laure Pasquier-Doumer', 'Fiorella Risso Brandon']"
10.1111/j.1467-7679.2010.00501.x,"['James Copestake', 'Laura Camfield']"
10.1080/00220388.2020.1806242,"['Pieter Serneels', 'Stefan Dercon']"
10.1016/j.jadohealth.2010.02.010,"['Catherine Cubbin', 'Claire D. Brindis', 'Sonia Jain', 'John Santelli', 'Paula Braveman']"
10.1080/08985626.2019.1640484,"['Sanjay Goel', 'Ranjan Karri']"
10.2139/ssrn.1747798,['Solava Ibrahim']
10.2307/2676187,"['Hersh Shefrin', 'Meir Statman']"
10.1007/s11205-012-0189-3,"['Laura Camfield', 'A. Masae', 'J. Allister McGregor', 'Buapun Promphaking']"
10.1080/13639080903453987,['Ken Roberts']
10.1111/anti.12601,"['Eric Sheppard', 'Tony Sparks', 'Helga Leitner']"
10.1016/j.jebo.2017.09.018,['David J. Chivers']
10.2139/ssrn.3695398,"['Pieter Serneels', 'Stefan Dercon']"
10.1002/j.2164-585x.1966.tb01155.x,['George Henderson']
10.1111/j.1533-8525.1967.tb01080.x,['Ephraim H. Mizruchi']
10.1007/s10683-012-9333-9,['Dean Spears']
10.1080/09614520802689535,"['Andrew Dorward', 'Simon Anderson', 'Yolanda Nava Bernal', 'Ernesto Sánchez Vera', 'Jonathan Rushton', 'James Pattison', 'Rodrigo Paz']"
10.1016/j.socscimed.2010.03.023,"['Mark Eggerman', 'Catherine Panter‐Brick']"
10.1111/ciso.12145,['Kristin Skrabut']
10.1080/15564886.2019.1694114,['Cirenia Chávez Villegas']
10.1080/13504851.2018.1486973,"['Shahriar Kibriya', 'David A. Bessler', 'Edwin Price']"
10.1111/dech.12706,['Hayley Jones']
10.3390/su12083359,"['Luís Fonseca', 'Pedro Domingues', 'Alina Mihaela Dima']"
10.1126/science.1238041,"['Anandi Mani', 'Sendhil Mullainathan', 'Eldar Shafir', 'Jiaying Zhao']"
10.1212/01.wnl.0000324420.03960.36,['Donna Bergen']
10.1017/s0954579401003133,"['Sonia Lupien', 'Suzanne King', 'Michael J. Meaney', 'Bruce S. McEwen']"
10.1001/jamanetworkopen.2020.23774,"['Rita L. Taylor', 'Shelly R. Cooper', 'Joshua J. Jackson', 'Deanna M. Barch']"
10.3389/fpsyg.2015.01037,"['Junhua Dang', 'Shanshan Xiao', 'Siegfried Dewitte']"
10.1016/j.envres.2016.05.048,"['Christopher Rowe', 'Robert B. Gunier', 'Asa Bradman', 'Kim G. Harley', 'Katherine Kogut', 'Kimberly Parra', 'Brenda Eskenazi']"
10.1212/wnl.0000000000012343,"['Xuexin Yu', 'Wei Zhang', 'Lindsay C. Kobayashi']"
10.1371/journal.pone.0278618,"['Hannah Strauß', 'Peter H. Venables', 'Marcel Zentner']"
10.1136/jech.2010.121228,"['Ingrid Schoon', 'Elizabeth Jones', 'Helen Cheng', 'Barbara Maughan']"
10.1111/j.1532-5415.2010.02801.x,"['Tamanna Ferdous', 'Tommy Cederholm', 'Zarina Nahar Kabir', 'Jena D. Hamadani', 'Åke Wåhlin']"
10.1111/j.1467-8624.1965.tb05345.x,"['Robert D. Hess', 'Virginia C. Shipman']"
10.1093/aje/kww195,"['Amelia Maika', 'Murthy Mittinty', 'Sally Brinkman', 'John Lynch']"
10.3390/ijerph15010016,['Frederica P. Perera']
10.1371/journal.pone.0080954,"['Jamie L. Hanson', 'Nicole Hair', 'Dinggang Shen', 'Feng Shi', 'John H. Gilmore', 'Barbara Wolfe', 'Seth D. Pollak']"
10.1093/sf/77.1.257,['Guang Guo']
10.1111/j.1467-8624.1994.tb00755.x,"['Robert H. Bradley', 'Leanne Whiteside', 'Daniel J. Mundfrom', 'Patrick H. Casey', 'Kelly J. Kelleher', 'Sandra K. Pope']"
10.1037/0012-1649.40.5.727,"['Rashmita S. Mistry', 'Jeremy C. Biesanz', 'Lorraine C. Taylor', 'Margaret Burchinal', 'Martha J. Cox']"
10.1177/0956797612443836,"['Pascale Engel de Abreu', 'Anabela Cruz‐Santos', 'Carlos J. Tourinho', 'Romain Martin', 'Ellen Bialystok']"
10.1207/s1532480xads0403_4,"['Margaret Burchinal', 'Ellen Peisner‐Feinberg', 'Donna Bryant', 'Richard M. Clifford']"
10.1111/j.1467-7687.2010.01032.x,"['Lia Fernald', 'Ann M. Weber', 'Emanuela Galasso', 'Lisy Ratsifandrihamanana']"
10.1073/pnas.1810901116,"['Qiyan Ong', 'Walter Theseira', 'Irene Y. H. Ng']"
10.1136/adc.2003.032490,"['Marcus Richards', 'Martha E. Wadsworth']"
10.1176/ajp.156.3.400,"['Ross Norman', 'Ashok Malla', 'Leonardo Cortese', 'Stephen Cheng', 'Kristine Diaz', 'Elizabeth McIntosh', 'Terry McLean', 'Ann Rickwood', 'Lakshmi P. Voruganti']"
10.1177/156482651103200307,"['Daphna K Dror', 'Lindsay H. Allen']"
10.1037/bul0000010,"['Amy Heberle', 'Alice S. Carter']"
10.2307/3089239,"['George Farkas', 'Kenneth J. Arrow', 'Samuel Bowles', 'Steven N. Durlauf']"
10.1542/peds.109.6.1100,"['Howard Dubowitz', 'Mia A. Papas', 'Maureen M. Black', 'Raymond H. Starr']"
10.1111/desc.12080,"['Sebastián Javier Lipina', 'María Soledad Segretin', 'María Julia Hermida', 'Lucía María Prats', 'Carolina Soledad Fracchia', 'Jorge S. López‐Camelo', 'Jorge A. Colombo']"
10.2139/ssrn.3505970,"['Helmut Farbmacher', 'Heinrich Kögel', 'Martin Spindler']"
10.1016/j.learninstruc.2019.101218,"['Dacian Dorin Dolean', 'Monica Melby‐Lervåg', 'Ioana Ţincaş', 'Crina Damşa', 'Arne Lervåg']"
10.1017/s1742058x04040032,['Douglas S. Massey']
10.15585/mmwr.mm6732a3,"['Catherine A. Okoro', 'NaTasha D. Hollis', 'Alissa C. Cyrus', 'Shannon Griffin-Blake']"
10.1080/10875549.2016.1204644,"['Ines W. Jindra', 'Michael Jindra']"
10.1016/j.energy.2023.127078,"['Chaofan Wang', 'Yilan Wang', 'Yujia Zhao', 'Jing Shuai', 'Chuanmin Shuai', 'Xin Cheng']"
10.1016/j.esd.2021.12.011,"['Liping Ding', 'Qiyao Dai', 'Chenchen He', 'Zumeng Zhang', 'Yin Shi']"
10.3368/jhr.51.3.0914-6664r,"['Anna Aizer', 'Laura R. Stroud', 'Stephen L. Buka']"
10.1002/jid.951,['Shahin Yaqub']
10.1080/00048670802050512,"['Kara Savilla', 'Lisa Kettler', 'Cherrie Galletly']"
10.1097/dbp.0000000000000656,"['Ruth Perou', 'Lara R. Robinson', 'Melissa L. Danielson', 'Angelika H. Claussen', 'Susanna N. Visser', 'Keith G. Scott', 'Leila Beckwith', 'Lynne Katz', 'D. Camille Smith']"
10.1038/s41380-021-01130-0,"['Dardo Tomasi', 'Nora D. Volkow']"
10.1093/geronb/gbt112,"['Melissa Castora‐Binkley', 'Carol L. Peronto', 'Jerri D. Edwards', 'Brent J. Small']"
10.1080/00224549809600370,"['Stuart C. Carr', 'Malcolm MacLachlan']"
10.1016/j.euroneuro.2014.03.008,"['Mark J. Millan', 'K.C.F. Fone', 'Thomas Steckler', 'William P. Horan']"
10.3386/w18422,"['Anna Aizer', 'Laura R. Stroud', 'Stephen L. Buka']"
10.4172/2573-0347.1000101,['Pem D']
10.1542/peds.2006-2313,"['Heather T. Keenan', 'Stephen R. Hooper', 'Crista E. Wetherington', 'Maryalice Nocera', 'Desmond K. Runyan']"
10.1086/692290,"['Ai Yue', 'Yaojiang Shi', 'Renfu Luo', 'Jamie M. Chen', 'James Garth', 'Jimmy Zhang', 'Alexis Medina', 'Sarah Kotb', 'Scott Rozelle']"
10.1192/bjp.162.6.744,"['David Kibel', 'I. Laffont', 'Peter F. Liddle']"
10.1177/0956797619847989,"['Gene H. Brody', 'Tianyi Yu', 'Robin Nusslock', 'Allen W. Barton', 'Gregory E. Miller', 'Edith Chen', 'Christopher Holmes', 'Michael McCormick', 'Lawrence H. Sweet']"
10.1542/peds.2014-0694,"['Jena D. Hamadani', 'Fahmida Tofail', 'Syed Nazmul Huda', 'Dewan S Alam', 'Deborah Ridout', 'Orazio Attanasio', 'Sally Grantham‐McGregor']"
10.3389/fpsyg.2014.00550,"['Pascale Engel de Abreu', 'Neander Abreu', 'Carolina Cunha Nikaedo', 'Marina Leite Puglisi', 'Carlos J. Tourinho', 'MÃ ́nica C. Miranda', 'Débora Maria Befi‐Lopes', 'Orlando F. A. Bueno', 'Romain Martin']"
10.1017/s1368980016001361,"['Regina Wright', 'Shari R. Waldstein', 'Marie Fanelli Kuczmarski', 'Ryan T. Pohlig', 'C Gerassimakis', 'Beatrice Gaynor', 'Michele K. Evans', 'Alan B. Zonderman']"
10.1016/j.jpeds.2020.05.020,"['Hirokazu Yoshikawa', 'Alice J. Wuermli', 'Pia Rebello Britto', 'Benard P. Dreyer', 'James F. Leckman', 'Stephen J. Lye', 'Liliana A. Ponguta', 'Linda Richter', 'Alan Stein']"
10.2307/2137757,"['Samuel H. Preston', 'R. J. Herrnstein', 'Charles Murray']"
10.1111/j.1467-8624.2007.01019.x,"['Clancy Blair', 'Rachel A. Razza']"
10.2307/2657556,"['Greg J. Duncan', 'Wei‐Jun Jean Yeung', 'Jeanne Brooks‐Gunn', 'Judith R. Smith']"
10.21500/20112084.2760,"['Celina Graciela Korzeniowski', 'Mirta Susana Ison', 'Hilda Difabio de Anglat']"
10.1037/0003-066x.49.1.15,"['Nancy E. Adler', 'Thomas G. Boyce', 'Margaret A. Chesney', 'Sheldon Cohen', 'Susan Folkman', 'Robert L. Kahn', 'S. Leonard Syme']"
10.1177/003172171009200119,"['Paul Black', 'Dylan Wiliam']"
10.1017/s0954579412000247,"['Brian C. Wolff', 'Martha E. Wadsworth', 'Frank H. Wilhelm', 'Iris B. Mauss']"
10.1126/science.1112122,"['W. Neil Adger', 'Terry P. Hughes', 'Carl Folke', 'Stephen R. Carpenter', 'Johan Rockström']"
10.1177/001440296803500101,['Lloyd M. Dunn']
10.1257/jel.46.1.95,"['Andrew E. Clark', 'Paul Frijters', 'Michael A. Shields']"
10.2307/353903,"['Catherine S. Chilman', 'Jeanne Brooks‐Gunn', 'Greg J. Duncan', 'J. Lawrence Aber']"
10.1542/peds.2011-2663,"['Jack P. Shonkoff', 'Andrew S. Garner', 'Ben Siegel', 'Mary I. Dobbins', 'Marian F. Earls', 'Andrew S. Garner', 'Laura McGuinn', 'John M. Pascoe', 'David L. Wood']"
10.3402/ejpt.v5.25338,"['Steven M. Southwick', 'George A. Bonanno', 'Ann S. Masten', 'Catherine Panter‐Brick', 'Rachel Yehuda']"
10.1123/jsep.29.2.239,"['Darla M. Castelli', 'Charles H. Hillman', 'Sarah Buck', 'Heather Erwin']"
10.1001/jama.2009.754,"['Jack P. Shonkoff', 'W. Thomas Boyce', 'Bruce S. McEwen']"
10.1542/peds.2006-0738,"['Peter A. Lee', 'Christopher P. Houk', 'S. Faisal Ahmed', 'Ieuan A. Hughes']"
10.1017/bec.2019.3,['Matthew R. Sanders']
10.2307/2657415,"['Michelle J. Budig', 'Paula England']"
10.1017/s0033291700012976,['Peter F. Liddle']
10.1371/journal.pone.0112393,"['Clancy Blair', 'C. Cybele Raver']"
10.1093/ije/dyh372,"['Michael Marmot', 'Eric J. Brunner']"
10.1037/0012-1649.43.1.208,['Christine P. Li‐Grining']
10.1111/cdev.12386,"['Michael J. Sulik', 'Clancy Blair', 'W. Roger Mills‐Koonce', 'Daniel Berry', 'Mark T. Greenberg']"
10.1111/sode.12071,"['Liliana J. Lengua', 'Cara J. Kiff', 'Lyndsey Moran', 'Maureen Zalewski', 'Stephanie F. Thompson', 'Rebecca C. Cortes', 'Erika J. Ruberry']"
10.1177/0956797613510949,"['Crystal C. Hall', 'Jiaying Zhao', 'Eldar Shafir']"
10.1016/j.addbeh.2021.106923,"['W. Alex Mason', 'Irina Patwardhan', 'Charles B. Fleming', 'Amy L. Stevens', 'Tiffany D. James', 'Jennifer Nelson', 'Kimberly Andrews Espy', 'Timothy D. Nelson']"
10.1111/cdev.13320,"['Alexandra Chen', 'Catherine Panter‐Brick', 'Kristin Hadfield', 'Rana Dajani', 'Amar Hamoudi', 'Margaret A. Sheridan']"
10.1111/desc.12027,"['C. Cybele Raver', 'Dana Charles McCoy', 'Amy E. Lowenstein', 'Rachel A. Pess']"
10.1016/s0140-6736(08)61690-6,"['Michael Marmot', 'Sharon Friel', 'Ruth Bell', 'Tanja A. J. Houweling', 'Sebastian Taylor']"
10.1111/cdev.12129,"['Stephen R. Crook', 'Gary W. Evans']"
10.1017/s095457941600002x,"['Erika J. Ruberry', 'Liliana J. Lengua', 'Leanna Harris Crocker', 'Jacqueline Bruce', 'Michaela B. Upshaw', 'Jessica A. Sommerville']"
10.1177/0956797617711640,"['Tyler Sasser', 'Karen L. Bierman', 'Brenda S. Heinrichs', 'Robert L. Nix']"
10.1080/10409289.2017.1287993,"['Regula Neuenschwander', 'Allison H. Friedman‐Krauss', 'Cybele Raver', 'Clancy Blair']"
10.1017/s0020818300026448,['Robert W. Cox']
10.1162/003355300555475,"['Steve Knack', 'Philip Keefer']"
10.1080/10796126.2014.976185,"['Dana Charles McCoy', 'C. Cybele Raver']"
10.1111/desc.13084,"['Gary W. Evans', 'Martha J. Farah', 'Daniel A. Hackman']"
10.1080/10888691.2016.1257943,"['Jennifer Astuto', 'Martin D. Ruck']"
10.1080/03003930600896293,"['Nick Devas', 'Simon Delay']"
10.1007/s12187-017-9481-8,"['E. de Neubourg', 'Lex Borghans', 'Karien Coppens', 'Maria Jansen']"
10.1177/1750698016661131,['Matthew J. Allen']
10.2307/798899,['Lewis A. Coser']
10.1016/j.dcn.2016.11.006,"['Elizabeth R. Duval', 'Sarah N. Garfinkel', 'James E. Swain', 'Gary W. Evans', 'Erika K. Blackburn', 'Mike Angstadt', 'Chandra Sripada', 'Israel Liberzon']"
10.1080/15248372.2013.797906,['Michele Tine']
10.1525/sp.1965.13.2.03a00040,['Lewis A. Coser']
10.1177/1750698016645265,['Jeffrey K. Olick']
10.1080/14443059009387016,['David Potts']
10.1016/j.psyneuen.2020.105040,"['Theodora Kokosi', 'Eirini Flouri', 'Emily Midouhas']"
10.1215/01636545-1993-56-5,['Arno J. Mayer']
10.1371/journal.pone.0018712,"['Jamie L. Hanson', 'Amitabh Chandra', 'Barbara Wolfe', 'Seth D. Pollak']"
10.1093/gerona/glv013,"['Christina J. Charlesworth', 'Ellen Smit', 'David S. H. Lee', 'Fatimah Alramadhan', 'Michelle C. Odden']"
10.1073/pnas.1604756114,['Gary W. Evans']
10.1080/13621020601099856,['Ruth Lister']
10.1080/10646175.2017.1315689,"['John Lynch', 'Mary E. Stuckey']"
10.15354/sief.21.rp001,['Yuhan Hai']
10.1044/jshr.3903.611,"['Barbara B. Fazio', 'Rita C. Naremore', 'Phil J. Connell']"
10.2105/ajph.2011.300253,['Norbert Schady']
10.1017/s0021911813002350,['Rebecca Jane Williams']
10.3389/fpubh.2024.1341501,"['Hari Wahyu Nugroho', 'Harsono Salimo', 'Hartono Hartono', 'Moh. Abdul Hakim', 'Ari Probandari']"
10.1111/desc.12822,"['Sobanawartiny Wijeakumar', 'Aarti Kumar', 'Lourdes Delgado Reyes', 'Madhuri Tiwari', 'John P. Spencer']"
10.1111/cdev.13766,"['Ethan S. Young', 'Willem E. Frankenhuis', 'Danielle J. DelPriore', 'Bruce J. Ellis']"
10.1016/j.dcn.2019.100642,"['Assaf Oshri', 'Emily S. Hallowell', 'Sihong Liu', 'James MacKillop', 'Adriana Galván', 'Steven M. Kogan', 'Lawrence H. Sweet']"
10.5860/choice.39-3159,['Judith Worell']
10.15700/saje.v39n1a1342,"['Mariana Naude', 'Corinne Meier']"
10.1111/sjop.12292,"['Junhua Dang', 'Shanshan Xiao', 'Ting Zhang', 'Ying Liu', 'Bin Jiang', 'Lihua Mao']"
10.1177/1087054713476138,"['Pascale Engel de Abreu', 'Carolina Cunha Nikaedo', 'Neander Abreu', 'Carlos J. Tourinho', 'Mônica Carolina Miranda', 'Orlando F. A. Bueno', 'Romain Martin']"
10.1097/psy.0000000000000196,"['Gregory A. Dore', 'Shari R. Waldstein', 'Michele K. Evans', 'Alan B. Zonderman']"
10.1037/dev0000319,"['Lauren E. Philbrook', 'J. Benjamin Hinnant', 'Lori Elmore‐Staton', 'Joseph A. Buckhalt', 'Mona El‐Sheikh']"
10.1515/ijamh-2018-0024,"['H. J. Madhushanthi', 'Savithri Wimalasekera', 'Sampatha Goonewardena', 'A.A.T.D. Amarasekara', 'Janaka Lenora']"
10.1093/aje/kwy006,"['Jonathan Platt', 'Katie A. McLaughlin', 'Alex Luedtke', 'Jennifer Ahern', 'Alan S. Kaufman', 'Katherine M. Keyes']"
10.1016/j.brainres.2006.06.072,"['Martha J. Farah', 'David Shera', 'Jessica H. Savage', 'Laura M. Betancourt', 'Joan M. Giannetta', 'Nancy L. Brodsky', 'Elsa Malmud', 'Hallam Hurt']"
10.1111/j.1467-8624.2011.01643.x,"['Clancy Blair', 'Douglas A. Granger', 'Michael T. Willoughby', 'W. Roger Mills‐Koonce', 'Martha J. Cox', 'Mark T. Greenberg', 'Katie T. Kivlighan', 'Christine Fortunato']"
10.1002/jclp.10020,['Glenn E. Richardson']
10.1353/jod.2016.0012,['Nancy Bermeo']
10.1111/desc.12019,"['Anne Fernald', 'Virginia A. Marchman', 'Adriana Weisleder']"
10.1289/ehp.1003185,"['Maryse F. Bouchard', 'Jonathan Chevrier', 'Kim G. Harley', 'Katherine Kogut', 'Michelle Vedar', 'Norma Calderon', 'Celina Trujillo', 'Caroline Johnson', 'Asa Bradman', 'Dana Boyd Barr', 'Brenda Eskenazi']"
10.1016/s0006-3223(99)00045-1,"['Michael D. De Bellis', 'Matcheri S. Keshavan', 'Duncan B. Clark', 'B. J. Casey', 'Jay N. Giedd', 'Amy M Boring', 'Karin Frustaci', 'Neal D. Ryan']"
10.2307/1602514,"['Maureen Hack', 'Nancy K. Klein', 'H. Gerry Taylor']"
10.2307/1167322,['James Paul Gee']
10.1016/j.jecp.2003.10.002,"['Tracy Packiam Alloway', 'Susan E. Gathercole', 'Catherine Willis', 'Tracy Adams']"
10.1097/dbp.0000000000001210,"['Luther G. Kalb', 'Rebecca Lieb', 'Natasha N. Ludwig', 'Rachel K. Peterson', 'Alison E. Pritchard', 'Rowena Ng', 'Danielle Wexler', 'Lisa A. Jacobson']"
10.1016/j.leaqua.2007.03.001,"['Art Padilla', 'Robert Hogan', 'Robert B. Kaiser']"
10.1111/j.1750-8606.2011.00209.x,"['Alexandra Ursache', 'Clancy Blair', 'C. Cybele Raver']"
10.1016/j.dr.2015.01.004,"['AliceAnn Crandall', 'Kirby Deater‐Deckard', 'Anne W. Riley']"
10.1037/0022-006x.72.3.500,"['Mark Chaffin', 'Jane F. Silovsky', 'Beverly W. Funderburk', 'Linda Anne Valle', 'Elizabeth V. Brestan', 'Tatiana Balachova', 'Shelli Jackson', 'Jay Lensgraf', 'Barbara L. Bonner']"
10.1257/aer.p20161101,"['Frank Schilbach', 'Heather Schofield', 'Sendhil Mullainathan']"
10.2307/143714,"['John Western', 'Anne Büttimer', 'David Seamon']"
10.1016/j.learninstruc.2013.11.003,"['Caroline Fitzpatrick', 'Rachel D. McKinnon', 'Clancy Blair', 'Michael T. Willoughby']"
10.1037/0003-066x.52.10.1051,"['Stephen J. Ceci', 'Wendy M. Williams']"
10.1016/j.labeco.2021.102028,"['Helmut Farbmacher', 'Heinrich Kögel', 'Martin Spindler']"
10.1016/j.appdev.2008.10.013,"['Julia Robinson', 'Barbara Burns', 'Deborah Winders Davis']"
10.1136/archdischild-2012-303578,['E Webb']
10.1353/jod.1995.0002,['Robert D. Putnam']
10.1016/j.jecp.2019.04.006,"['Annie Brandes‐Aitken', 'Stephen H. Braren', 'Margaret M. Swingler', 'Kristin Voegtline', 'Clancy Blair']"
10.1016/j.appdev.2005.12.010,"['Tara Weatherholt', 'Ruby C. Harris', 'Barbara Burns', 'Catherine Clément']"
10.2139/ssrn.1646411,['Sabina Alkire']
10.1111/j.0952-1895.2004.00256.x,['Merilee S. Grindle']
10.1017/s0012162204001446,"['Deborah Winders Davis', 'Florence Chang', 'Barbara Burns', 'Julia Robinson', 'Dena Dossett']"
10.1016/j.enbuild.2019.109525,['Jan Frankowski']
10.1111/j.1469-8749.2004.tb00448.x,"['Deborah Winders Davis', 'Florence Chang', 'Barbara Burns', 'Julia Robinson', 'Dena Dossett']"
10.1017/s0047279400020341,['Peter Townsend']
10.1002/jid.921,['James Copestake']
10.1111/j.1468-4446.2012.01419.x,"['Stella Chatzitheochari', 'Sara Arber']"
10.1525/vo.2002.6.1.14,['Nandini Gunewardena']
10.1111/j.1741-3737.2002.00384.x,['Karen Seccombe']
10.1016/j.ehb.2021.100987,"['Stefanie Yvonne Schmitt', 'Markus G. Schlatterer']"
10.1080/00220380500405501,['John Hoddinott']
10.1001/jamapediatrics.2013.3139,"['Joan L. Luby', 'Andy C. Belden', 'Kelly N. Botteron', 'Natasha Marrus', 'Michael P. Harms', 'Casey Babb', 'Tomoyuki Nishino', 'Deanna M. Barch']"
10.1080/14649880600768538,['Sylvia Chant']
10.1017/s004727940300713x,"['Jonathan Bradshaw', 'Naomi Finch']"
10.1176/appi.ps.53.5.565,"['Jeffrey Draine', 'Mark S. Salzer', 'Dennis P. Culhane', 'Trevor R. Hadley']"
10.1257/0895330053147895,"['Eric V. Edmonds', 'Nina Pavcnik']"
10.1300/j013v12n03_02,['Julie Boatright Wilson']
10.1257/aer.100.1.5,['Angus Deaton']
10.1177/00139160121972846,['Frances E. Kuo']
10.1017/s0047279400019280,"['Tim Callan', 'Brian Nolan', 'Christopher T. Whelan']"
10.1111/1467-7717.00159,['Greg Bankoff']
10.1086/261740,['Emily C. Lawrance']
10.1017/s1355770x98000060,"['Stein T. Holden', 'Bekele Shiferaw', 'Mette Wik']"
10.1093/ej/ueab007,"['Vojtěch Bartoš', 'Michal Bauer', 'Julie Chytilová', 'Ian Levely']"
10.2139/ssrn.1625524,['Leandro Carvalho']
10.2139/ssrn.3900869,"['Vojtěch Bartoš', 'Michal Bauer', 'Julie Chytilová', 'Ian Levely']"
10.1016/s0921-8009(01)00184-7,['William G. Moseley']
10.2139/ssrn.248476,['Debajyoti Chakrabarty']
10.1515/1935-1690.1408,['Debajyoti Chakrabarty']
10.2202/1935-1682.2973,['Dean Spears']
10.1111/j.1728-4457.2001.00033.x,"['Jean Drèze', 'Mamta Murthi']"
10.1177/0022002705284829,['Brian Burgoon']
10.1080/03031853.2018.1523016,"['Michael Kamoyo', 'Albert Makochekanwa']"
10.1257/aer.102.2.1118,"['Michal Bauer', 'Julie Chytilová', 'Jonathan Morduch']"
10.1177/0963721419881154,"['Willem E. Frankenhuis', 'Daniel Nettle']"
10.1177/17470218221097047,"['Richard J. Tunney', 'Jodie Raybould']"
10.1111/j.1475-4991.2011.00458.x,"['Carlos Gradín', 'Coral del Río', 'Olga Cantó']"
10.1080/13545701.2010.508574,"['Elena Bardasi', 'Quentin Wodon']"
10.1080/0042098032000053888,['Janice Fanning Madden']
10.2139/ssrn.4366567,['Jiaying Chen']
10.1002/hec.1462,['Rasmus Heltberg']
10.1111/j.1574-0864.2006.00117.x,"['Fitsum Hagos', 'Stein T. Holden']"
10.1111/j.1467-9833.2009.01445.x,['Simon Caney']
10.5860/choice.40-1721,['Laurel Bossen']
10.2139/ssrn.3247690,"['Vojtěch Bartoš', 'Michal Bauer', 'Julie Chytilová', 'Ian Levely']"
10.1016/j.jebo.2019.05.007,"['Martine Visser', 'Hafsah Jumare', 'Kerri Brick']"
10.2139/ssrn.1720983,['Gustavo Caballero']
10.1504/ijhd.2017.087937,['Solomon T. Tesfu']
10.1111/1468-246x.00061,['Robert Holzmann']
10.1111/j.1467-9353.2007.00356.x,['James Roumasset']
10.1017/s0047279406009834,['Bjørn Halleröd']
10.1017/s095457941800007x,"['Rosemarie E. Perry', 'Eric D. Finegood', 'Stephen H. Braren', 'Meriah Lee DeJoseph', 'David Putrino', 'Donald A. Wilson', 'Regina M. Sullivan', 'C. Cybele Raver', 'Clancy Blair']"
10.1080/00324720903497081,"['Melinda Mills', 'Katia Begall']"
10.1016/j.eap.2024.03.006,"['Hui Mao', 'Yong Fu']"
10.2489/jswc.66.2.87,"['Hailemariam Teklewold', 'Gunnar Köhlin']"
10.1353/sof.2004.0112,['Bjørn Halleröd']
10.1111/j.1467-8268.2007.00167.x,"['Edilegnaw Wale', 'Asmare Yalew']"
10.3325/cmj.2008.3.423,['Adamson S. Muula']
10.1111/j.1465-7295.2009.00198.x,"['Travis J. Lybbert', 'Christopher B. Barrett']"
10.1177/0001699309104000,['Michaela Pfeifer']
10.1111/j.1728-4465.1999..x,['Sharon Stash']
10.1111/risa.12976,"['Alison C. Cullen', 'C. Leigh Anderson', 'Pierre E. Biscaye', 'Travis Reynolds']"
10.1016/j.gloenvcha.2006.02.006,['W. Neil Adger']
