doi,institution,country
10.1002/jclp.21951,"['Loyola University Chicago', 'Georgetown University Medical Center', 'University of California, Los Angeles']","['US', 'US', 'US']"
10.2307/2095905,"['University of Minnesota System', None]","['US', None]"
10.1192/bjb.2020.78,"[None, 'University of the West of Scotland']","[None, 'GB']"
10.1016/j.socscimed.2014.01.012,"['University of Manchester', 'University of Manchester']","['GB', 'GB']"
10.1111/j.1939-0025.2010.01007.x,"['Pepperdine University', 'University of Illinois Chicago', 'Pepperdine University', 'Pepperdine University', 'Pepperdine University']","['US', 'US', 'US', 'US', 'US']"
10.2307/2137292,"['University of Minnesota', None]","['US', None]"
10.1186/s12905-020-01149-5,"['University of Pennsylvania', 'George Mason University', 'George Mason University', 'George Mason University']","['US', 'US', 'US', 'US']"
10.1186/1752-1505-3-6,"['Mbarara University of Science and Technology', 'Bielefeld University', 'Bielefeld University', 'PE International (Germany)', 'University of Konstanz', 'PE International (Germany)']","['UG', 'DE', 'DE', 'DE', 'DE', 'DE']"
10.1016/j.socscimed.2016.03.009,"['University of Toronto', 'Laurentian University', 'Western University', 'Western University', 'Centre for Addiction and Mental Health', 'Ontario HIV Treatment Network']","['CA', 'CA', 'CA', 'CA', 'CA', 'CA']"
10.1002/jclp.21957,"['Boston College', 'Boston College', 'Columbia University', 'Columbia University']","['US', 'US', 'US', 'US']"
10.1016/j.socscimed.2014.05.005,"['University of Manchester', 'University of Manchester']","['GB', 'GB']"
10.3390/ijerph17186726,"['Collaborative Innovation Center of Chemistry for Energy Materials', 'Collaborative Innovation Center of Chemistry for Energy Materials']","['CN', 'CN']"
10.1037/0003-066x.45.3.385,['Boston University'],['US']
10.2105/ajph.92.2.220,"['Centre for Addiction and Mental Health', 'Centre for Addiction and Mental Health', 'Centre for Addiction and Mental Health', 'Centre for Addiction and Mental Health']","['CA', 'CA', 'CA', 'CA']"
10.2105/ajph.93.5.792,"['Syracuse University', 'Syracuse University', 'Syracuse University']","['US', 'US', 'US']"
10.2105/ajph.91.6.927,"['San Francisco State University', None, None, None, None]","['US', None, None, None, None]"
10.1023/a:1022662704461,['McMaster University'],['CA']
10.1192/apt.10.3.216,"['Cossham Hospital', 'Cossham Hospital']","['GB', 'GB']"
10.1002/smi.2646,"['University of Denver', 'The Ohio State University', 'University of Denver', 'Cornell University']","['US', 'US', 'US', 'US']"
10.2307/353111,"['Families USA', None, None]","['US', None, None]"
10.1007/s11482-017-9584-x,"['Nanjing University', 'Hong Kong Polytechnic University', 'Nanjing University']","['CN', 'HK', 'CN']"
10.3389/fpubh.2022.975482,"['Humboldt-Universität zu Berlin', 'Charité - Universitätsmedizin Berlin', 'Humboldt-Universität zu Berlin', 'Humboldt-Universität zu Berlin']","['DE', 'DE', 'DE', 'DE']"
10.1136/bmj.330.7486.307-b,"[None, None]","[None, None]"
10.1177/2167702613501496,"['Cornell University', 'Cornell University']","['US', 'US']"
10.1300/j013v12n03_11,['Chicago Department of Public Health'],['US']
10.2105/ajph.58.7.1300-b,[None],[None]
,"['Christian Medical College & Hospital', 'Christian Medical College & Hospital']","['IN', 'IN']"
10.1093/hsw/hlt013,"['University of Toronto', 'University of Toronto']","['CA', 'CA']"
10.1017/s2045796015000086,['University of KwaZulu-Natal'],['ZA']
10.1016/j.socscimed.2020.113308,"['Xiamen University', 'University of Hong Kong', 'University of Hong Kong', 'University of Hong Kong', 'University of Hong Kong']","['CN', 'HK', 'HK', 'HK', 'HK']"
10.1111/spc3.12168,['University of Sheffield'],['GB']
10.1108/17465721211289356,"['World Health Organization', 'World Health Organization', 'London School of Economics and Political Science']","['CH', 'CH', 'GB']"
10.1590/s0104-11692007000700012,"['Universidade de São Paulo', 'Universidade de São Paulo']","['BR', 'BR']"
10.1016/j.socscimed.2007.02.037,"['World Bank', 'World Bank', 'World Bank', 'World Bank', 'World Bank']","['US', 'US', 'US', 'US', 'US']"
10.1016/s0277-9536(02)00342-8,"[None, 'Johns Hopkins University', 'University of Maryland, Baltimore']","[None, 'US', 'US']"
10.3389/fgwh.2023.1128169,"[None, 'Manipal Academy of Higher Education']","[None, 'IN']"
10.1016/j.lanwpc.2023.100734,"['University of Melbourne', 'University of South Australia', 'University of Melbourne', 'University of Adelaide', 'University of Melbourne']","['AU', 'AU', 'AU', 'AU', 'AU']"
10.1186/s12905-023-02328-w,"['Universitat de Barcelona', 'Universitat de Barcelona', 'Universitat de Barcelona', 'Universitat de Barcelona']","['ES', 'ES', 'ES', 'ES']"
10.1007/s11199-014-0414-4,"['Arizona State University', 'Northeast Ohio Medical University']","['US', 'US']"
10.1017/s0033291796004060,"['Royal Holloway University of London', 'Royal Holloway University of London']","['GB', 'GB']"
10.1017/s0047279409003250,"['University of York', 'University of York']","['GB', 'GB']"
10.1521/jscp.2008.27.9.903,"['Kent State University', 'East Tennessee State University']","['US', 'US']"
10.1111/1467-8624.00379,"['University of Virginia', 'University of Virginia']","['US', 'US']"
10.1080/09540121.2013.825368,"['University of Oxford', 'University of Oxford', 'University of Oxford', 'University of KwaZulu-Natal', 'University of KwaZulu-Natal']","['GB', 'GB', 'GB', 'ZA', 'ZA']"
10.1176/appi.ajp.159.1.43,"['Sangath', None, None]","['IN', None, None]"
10.1016/j.healthplace.2016.12.003,"['University of Minnesota', 'Columbia University', 'Columbia University', 'Columbia University', 'University of Sydney', 'University of California, Davis']","['US', 'US', 'US', 'US', 'AU', 'US']"
10.1111/1471-6402.00090,"['Boston University', None]","['US', None]"
10.1111/j.1540-6237.2009.00645.x,"['University of Missouri', 'Pennsylvania State University']","['US', 'US']"
10.1016/j.annepidem.2006.07.008,"['University of Michigan–Ann Arbor', 'Berkeley College', 'University of Michigan–Ann Arbor', 'University of Michigan–Ann Arbor', 'Berkeley College', 'University of Michigan–Ann Arbor']","['US', 'US', 'US', 'US', 'US', 'US']"
10.1111/cfs.12046,"['University of Northern Iowa', 'Iowa State University']","['US', 'US']"
10.3389/fpubh.2022.977958,"['Jilin University', 'Jilin University', 'Jilin University']","['CN', 'CN', 'CN']"
10.2105/ajph.2009.180943,"['University of Queensland', 'University of Queensland', 'University of Queensland', 'University of Queensland', 'University of Queensland', 'University of Queensland']","['AU', 'AU', 'AU', 'AU', 'AU', 'AU']"
10.15709/hswr.2015.35.3.71,"[None, None, None]","[None, None, None]"
10.1111/1469-7610.00037,"['University of Queensland', 'University of Queensland', 'University of Queensland', 'University of Queensland', 'University of Queensland']","['AU', 'AU', 'AU', 'AU', 'AU']"
10.1542/peds.2005-1784,"['University of Connecticut', 'American Academy of Pediatrics', 'The University of Texas at San Antonio', 'American Academy of Pediatrics']","['US', 'US', 'US', 'US']"
10.1007/s10643-016-0787-9,"['University of Alabama at Birmingham', 'University of Alabama at Birmingham', 'University of Alabama at Birmingham']","['US', 'US', 'US']"
10.1093/ije/28.1.90,"['University of California, Berkeley']",['US']
10.3390/ijerph19021006,"['Renmin University of China', 'Renmin University of China', 'Renmin University of China']","['CN', 'CN', 'CN']"
10.1176/appi.ajp.2015.15081014,"['Mallinckrodt (United States)', 'Mallinckrodt (United States)', 'Mallinckrodt (United States)', 'Mallinckrodt (United States)', 'Mallinckrodt (United States)', 'Mallinckrodt (United States)', 'Mallinckrodt (United States)', 'Mallinckrodt (United States)']","['US', 'US', 'US', 'US', 'US', 'US', 'US', 'US']"
10.1017/s0033291705005362,"['Universidade Federal do Estado do Rio de Janeiro', 'Universidade Federal do Estado do Rio de Janeiro', None, 'London School of Hygiene & Tropical Medicine']","['BR', 'BR', None, 'GB']"
10.1016/j.jad.2017.12.050,"[""King's College London"", 'University of Cape Town']","['GB', 'ZA']"
10.1007/s10560-020-00686-0,"['Başkent University', 'Başkent University', 'Başkent University', 'Başkent University']","['TR', 'TR', 'TR', 'TR']"
10.1007/s00127-009-0164-8,"['Uganda Virus Research Institute', 'Uganda Virus Research Institute', 'Makerere University', None, 'Ministry of Health', None]","['UG', 'UG', 'UG', None, 'UG', None]"
10.1111/j.1748-0361.2008.00171.x,"['University of Kentucky', 'University of Maryland, College Park', 'University of Kentucky', 'University of Kentucky', 'University of Georgia']","['US', 'US', 'US', 'US', 'US']"
10.1037/0002-9432.71.2.218,"['University of Illinois Urbana-Champaign', None]","['US', None]"
10.1146/annurev.soc.28.110601.141114,"['University of Chicago', 'University of Chicago', 'University of Chicago']","['US', 'US', 'US']"
10.1207/s15324796abm2503_03,"['George Washington University', 'George Washington University', 'George Washington University', 'George Washington University', 'Saint Louis University']","['US', 'US', 'US', 'US', 'US']"
10.1080/01459740.2013.808637,"['Emory University', 'Georgetown University']","['US', 'US']"
10.1111/j.1467-8624.1990.tb02762.x,"['Harvard University', 'Harvard University', 'Harvard University', 'Harvard University']","['US', 'US', 'US', 'US']"
10.1177/14649934211059402,"['Pontifical Catholic University of Peru', 'Pontifical Catholic University of Peru']","['PE', 'PE']"
10.1192/bjp.154.1.52,"['University of Chicago', 'University of Chicago', 'University of Chicago']","['US', 'US', 'US']"
10.1073/pnas.2004363117,"['Washington University in St. Louis', 'Iowa State University', 'Washington University in St. Louis', 'Washington University in St. Louis', 'Washington University in St. Louis', 'Washington University in St. Louis', 'Washington University in St. Louis', 'Washington University in St. Louis']","['US', 'US', 'US', 'US', 'US', 'US', 'US', 'US']"
10.1007/s11482-023-10262-0,"['Pontifical Catholic University of Peru', 'Pontifical Catholic University of Peru', 'Pontifical Catholic University of Peru', 'Pontifical Catholic University of Peru']","['PE', 'PE', 'PE', 'PE']"
10.1177/0091415018768256,"['Keimyung University', 'Keimyung University']","['KR', 'KR']"
10.1080/10615800802430933,"['University of Denver', 'University of Denver', 'University of Denver']","['US', 'US', 'US']"
10.1001/jama.290.15.2023,"[None, None, None, None]","[None, None, None, None]"
10.1037/fam0000291,"['New York University', 'New York University', 'New York University', 'New York University']","['US', 'US', 'US', 'US']"
10.1002/jcop.22086,"['Nanjing University', 'Nanjing University', 'Nanjing University', 'Nanjing University']","['CN', 'CN', 'CN', 'CN']"
10.1007/s10560-012-0263-3,"['Rutgers, The State University of New Jersey', 'Rutgers, The State University of New Jersey', 'Rutgers, The State University of New Jersey']","['US', 'US', 'US']"
10.1080/14459795.2016.1172651,['Centre for Addiction and Mental Health'],['CA']
10.1136/bmj.317.7151.115,"['The Royal Free Hospital', 'University of Wales']","['GB', 'GB']"
10.1080/13648470701381465,[None],[None]
10.1192/bjp.170.4.351,"['Liverpool Hospital', 'Liverpool Hospital', None, 'Liverpool Hospital', 'Liverpool Hospital']","['AU', 'AU', None, 'AU', 'AU']"
10.2307/2657384,"[None, 'The Ohio State University', 'The Ohio State University']","[None, 'US', 'US']"
10.1017/s1368980020004000,"['Ibero American University', 'Ibero American University', 'Ibero American University', 'Yale University']","['MX', 'MX', 'MX', 'US']"
10.2139/ssrn.2839926,"['University of California, San Diego']",['US']
10.1002/imhj.21924,"['Unity Health System', 'Unity Health System']","['US', 'US']"
10.1097/01.mlr.0000185750.18119.fd,"['University of California, San Diego', 'University of Washington', 'University of California, Los Angeles', 'University of California, Los Angeles', 'University of Arkansas for Medical Sciences', 'University of Arkansas for Medical Sciences', 'University of Washington', 'RAND Corporation']","['US', 'US', 'US', 'US', 'US', 'US', 'US', 'US']"
10.16999/kasws.2010.41.3.327,[None],[None]
10.1001/archpsyc.62.6.617,"['Harvard University', 'Harvard University', 'Harvard University', 'Harvard University']","['US', 'US', 'US', 'US']"
10.1080/14616688.2011.611165,['Cardiff University'],['GB']
10.1080/08964280209596398,"['Medical College of Wisconsin', 'Medical College of Wisconsin', 'Group Health Cooperative']","['US', 'US', 'US']"
10.1257/aer.20141406,"['Stanford University', 'Stanford University']","['US', 'US']"
10.1093/alcalc/agh176,"['National Institutes of Health', 'National Institutes of Health', 'National Institutes of Health']","['US', 'US', 'US']"
10.1136/bmj.322.7285.544,['The Medical Foundation'],['US']
10.1017/s2045796023000811,"[""King's College London"", 'War Child', 'University of Cape Town', ""King's College London"", 'Centre universitaire de médecine générale et santé publique, Lausanne', 'London School of Economics and Political Science', ""King's College London"", 'World Health Organization', 'George Washington University', 'London School of Economics and Political Science', None, None, 'Vrije Universiteit Amsterdam', 'Universidad de Los Andes', 'George Washington University', 'Vrije Universiteit Amsterdam', 'NLR Nepal', ""King's College London"", ""King's College London"", 'NLR Nepal', 'Vrije Universiteit Amsterdam', 'University of Cape Town', ""King's College London"", 'University of Copenhagen', None, None, 'Georgetown University', None]","['GB', 'NL', 'ZA', 'GB', 'CH', 'GB', 'GB', 'CH', 'US', 'GB', None, None, 'NL', 'CO', 'US', 'NL', 'NP', 'GB', 'GB', 'NP', 'NL', 'ZA', 'GB', 'DK', None, None, 'US', None]"
10.1001/jama.300.6.655,"['HealthNet TPO', 'HealthNet TPO', 'WWF-Indonesia', None, 'Harvard University', 'Vrije Universiteit Amsterdam']","['NL', 'NL', 'ID', None, 'US', 'NL']"
10.1186/1471-2458-10-515,"['BRAC', 'Karolinska Institutet', 'Karolinska Institutet', 'Karolinska Institutet']","['BD', 'SE', 'SE', 'SE']"
10.2307/1602779,"['University of Pennsylvania', None]","['US', None]"
10.1037/a0031112,"['Arizona State University', 'Arizona State University', 'University of North Carolina at Chapel Hill', 'University of North Carolina at Chapel Hill']","['US', 'US', 'US', 'US']"
10.1080/07399332.2012.740112,"['University of Bristol', 'British Council', 'African Population and Health Research Center', 'African Institute for Development Policy']","['GB', 'KE', 'KE', 'KE']"
10.1017/s0033291710001546,"[""King's College London"", None, 'University of Leicester', 'University of Leicester', ""King's College London"", 'UCL Australia']","['GB', None, 'GB', 'GB', 'GB', 'AU']"
10.1002/ajpa.20724,"['Emory University', 'University of Illinois Chicago']","['US', 'US']"
10.1177/1049732306289224,"['University of Pittsburgh', 'Westat (United States)', 'University of Pittsburgh', 'University of Pittsburgh', 'University of Pittsburgh', 'Historical Society of Western Pennsylvania']","['US', 'US', 'US', 'US', 'US', 'US']"
10.1111/1467-8624.00469,"['Cornell University', 'Cornell University']","['US', 'US']"
10.1111/cdep.12013,"['Cornell University', 'University of Denver']","['US', 'US']"
10.1073/pnas.0811910106,"['Cornell University', 'Cornell University']","['US', 'US']"
10.1016/j.joep.2009.10.008,"['University of Denver', 'University of Denver', 'University of Pennsylvania']","['US', 'US', 'US']"
10.1177/0022146515582100,"['Stanford University', 'Duke University', 'University of Michigan–Ann Arbor', 'University of Michigan–Ann Arbor', None, 'University of California, San Francisco', 'University of California, San Francisco', 'University of California, San Francisco']","['US', 'US', 'US', 'US', None, 'US', 'US', 'US']"
10.1080/15325020701742185,"['University of Denver', 'University of Denver', 'University of Denver', 'University of Denver', 'University of Denver', 'University of Denver']","['US', 'US', 'US', 'US', 'US', 'US']"
10.1038/npp.2014.75,"['University of Michigan–Ann Arbor', 'University of Michigan–Ann Arbor', 'New York State University College of Human Ecology', 'University of Michigan–Ann Arbor', None]","['US', 'US', 'US', 'US', None]"
10.1080/15374416.2011.581622,"['University of Denver', ""Lurie Children's Hospital"", None, 'University of Denver']","['US', 'US', None, 'US']"
10.1073/pnas.1308240110,"['University of Denver', 'Cornell University', 'University of Michigan–Ann Arbor', 'University of Michigan–Ann Arbor', 'University of Michigan–Ann Arbor', 'University of Michigan–Ann Arbor', 'University of Michigan–Ann Arbor', 'University of Illinois Chicago']","['US', 'US', 'US', 'US', 'US', 'US', 'US', 'US']"
10.1111/desc.12082,"['Cornell University', 'University of Wisconsin–Madison']","['US', 'US']"
10.1080/10615806.2011.583347,"['Neurobehavioral Systems', 'University of Denver', 'University of Denver', ""Lurie Children's Hospital""]","['US', 'US', 'US', 'US']"
10.1080/15374416.2012.755926,"['Pennsylvania State University', 'University of Denver', 'University of Denver', 'University of Denver', 'University of Denver', 'University of Denver']","['US', 'US', 'US', 'US', 'US', 'US']"
10.3912/ojin.vol23no03man02,"[None, 'Johns Hopkins University', 'University of Michigan–Ann Arbor', None]","[None, 'US', 'US', None]"
10.1146/annurev-soc-060116-053252,"['Bowdoin College', 'Rockefeller University']","['US', 'US']"
10.1080/09669760801892276,"['University of the West Indies System', 'University of the West Indies System']","['JM', 'JM']"
10.1097/nnr.0000000000000360,"['Villanova University', 'Villanova University']","['US', 'US']"
10.1037/cbs0000034,"['New School', 'New School', 'New School', 'Georgia State University', 'New School', 'New School', 'New School', 'Albert Einstein College of Medicine', 'Albert Einstein College of Medicine', 'Albert Einstein College of Medicine']","['US', 'US', 'US', 'US', 'US', 'US', 'US', 'US', 'US', 'US']"
10.1093/jurban/jti048,[None],[None]
10.1007/s10879-011-9192-2,['University of Denver'],['US']
10.1111/fare.12217,"['West Chester University', 'West Chester University', 'West Chester University', 'West Chester University', 'University of Delaware']","['US', 'US', 'US', 'US', 'US']"
10.1002/imhj.20044,"['University of Nebraska–Lincoln', 'University of Nebraska–Lincoln']","['US', 'US']"
10.1111/1467-9566.13084,"['University of Exeter', 'University of Exeter', 'University of Exeter']","['GB', 'GB', 'GB']"
10.1038/437181b,[None],[None]
10.1136/bmjopen-2018-027047,"['Johns Hopkins University', 'Ateneo de Manila University', ""United Nations Children's Fund India"", ""United Nations Children's Fund India"", ""United Nations Children's Fund India"", ""United Nations Children's Fund India""]","['US', 'PH', 'IN', 'IN', 'IN', 'IN']"
10.1037/ccp0000477,"['Pennsylvania State University', 'Georgia State University', 'NeuroDevelopment Center', 'Pennsylvania State University', 'Pennsylvania State University']","['US', 'US', 'US', 'US', 'US']"
10.1111/j.1360-0443.2008.02234.x,"['Alcohol Research Group', 'University of California, San Francisco', 'Alcohol Research Group', 'Alcohol Research Group', 'Alcohol Research Group']","['US', 'US', 'US', 'US', 'US']"
10.1097/psy.0b013e3181f01be3,"['University of Connecticut', 'University of Connecticut']","['US', 'US']"
10.1300/j083v27n04_02,"['Boston College', 'University of Kentucky']","['US', 'US']"
10.1007/s10900-015-0132-z,"['Massachusetts General Hospital', 'RAND Corporation', 'Bienestar', 'RAND Corporation', 'University of Massachusetts Boston', 'RAND Corporation']","['US', 'US', 'US', 'US', 'US', 'US']"
10.1037/0278-6133.21.3.254,"['Syracuse University', 'Yeshiva University']","['US', 'US']"
10.1007/s12232-016-0265-0,"['Economic and Social Research Institute', 'Economic and Social Research Institute', 'University College Dublin', 'Economic and Social Research Institute']","['IE', 'IE', 'IE', 'IE']"
10.1016/j.socscimed.2017.01.023,"[None, 'University of North Carolina at Chapel Hill', None, None]","[None, 'US', None, None]"
10.1111/j.1467-9280.2007.02008.x,"['Cornell University', 'Cornell University']","['US', 'US']"
10.1177/0886109912443884,"['University of New Hampshire', 'Miami University', 'Dover (United States)']","['US', 'US', 'US']"
10.1037/emo0000387,"[None, 'University of California, Irvine']","[None, 'US']"
10.1086/697556,"['University of Oxford', 'Organisation de Coopération et de Développement Economiques']","['GB', 'FR']"
10.1007/s11482-017-9566-z,"['Universidad de Granada', 'Universidad de Granada']","['ES', 'ES']"
10.1080/17525098.2013.797361,['Saint Louis University'],['US']
10.1007/s10902-007-9063-4,['United Nations Development Programme'],['US']
10.1037/ipp0000053,"['Autonomous University of Lisbon', 'Universidad de Málaga', 'Autonomous University of Lisbon', 'University of Virginia']","['PT', 'ES', 'PT', 'US']"
10.3390/economies12030052,"['Institut National des Recherches Agricoles du Bénin', 'Lahore University of Management Sciences', 'Lahore University of Management Sciences']","['BJ', 'PK', 'PK']"
10.1007/s10902-016-9807-0,"['Pforzheim University of Applied Sciences', 'Pforzheim University of Applied Sciences']","['DE', 'DE']"
10.1007/s12232-017-0274-7,['Paris School of Economics'],['FR']
10.1016/j.chieco.2021.101687,"['Leiden University', 'Shanghai University of Finance and Economics', 'Renmin University of China', 'Development Research Center']","['NL', 'CN', 'CN', 'CN']"
10.5194/isprs-archives-xlii-4-w16-189-2019,"['Universitas Gadjah Mada', None, 'Universitas Gadjah Mada', 'Universitas Gadjah Mada']","['ID', None, 'ID', 'ID']"
10.1007/s11205-013-0248-4,['Universidad Nacional del Sur'],['AR']
10.1111/asej.12094,[],[]
10.1037/emo0000387.supp,[],[]
10.5860/choice.50-6869,"[None, None]","[None, None]"
10.1111/1475-4975.261056,[None],[None]
10.1111/pirs.12722,"['University of Bologna', 'University of Bologna', 'University of Bologna']","['IT', 'IT', 'IT']"
10.23941/ejpe.v9i1.215,"['Vita-Salute San Raffaele University', 'University of Helsinki']","['IT', 'FI']"
10.1007/s11482-020-09894-3,"['Kadir Has University', 'Istanbul University']","['TR', 'TR']"
10.1007/s11135-020-00974-y,"['University of the Pacific', 'University of the Pacific', 'University of the Pacific', 'University of the Pacific']","['PE', 'PE', 'PE', 'PE']"
10.1007/s10902-021-00443-9,['University of Manchester'],['GB']
10.1007/s11205-017-1775-1,"[None, 'RMIT University', 'RMIT University']","[None, 'AU', 'AU']"
10.1007/s10902-022-00508-3,"['University at Buffalo, State University of New York']",['US']
10.1111/j.1533-8525.1992.tb00373.x,"['University of Nebraska–Lincoln', 'University of Nebraska–Lincoln']","['US', 'US']"
10.1080/10875540801967924,['University of Dayton'],['US']
10.1080/00220380903012763,"['University of Oxford', 'Monash University']","['GB', 'AU']"
10.1177/002214650804900107,"['Individual Differences', None]","['US', None]"
10.1016/j.jbusres.2022.07.010,"['Zhejiang University', 'Zhejiang University', 'Zhejiang University', 'Zhejiang University']","['CN', 'CN', 'CN', 'CN']"
10.2139/ssrn.3382594,"['University at Buffalo, State University of New York']",['US']
10.1080/13600810903551595,"['University of Oxford', 'Beijing Normal University', 'Chinese Academy of Social Sciences']","['GB', 'CN', 'CN']"
10.1080/02732170902904681,['University of North Carolina at Pembroke'],['US']
10.1111/j.1533-8525.1989.tb01513.x,"['Lamar University', 'Lamar University']","['US', 'US']"
10.1080/02732173.1985.9981739,['Lamar University'],['US']
10.1111/j.0038-4941.2004.00247.x,[None],[None]
10.1093/sf/75.1.293,['Indiana University'],['US']
10.1111/1540-6237.00116,['Universidad del Noreste'],['MX']
10.2307/2580766,['Indiana University'],['US']
10.1111/j.1533-8525.1996.tb00746.x,['University of Miami'],['US']
10.1111/j.1533-8525.1981.tb00679.x,"['University of California, Los Angeles']",['US']
10.2307/799639,['Boston College'],['US']
10.1111/j.1559-1816.2005.tb02163.x,"['University of California, Santa Cruz', 'University of California, Santa Cruz']","['US', 'US']"
10.1525/sop.2011.54.2.205,"['Wayne State University', 'Universidad del Noreste', 'Kent State University']","['US', 'MX', 'US']"
10.1037/dev0000585,"['Wheelock College', 'Wheelock College', 'Simmons University', 'Rutgers Sexual and Reproductive Health and Rights', 'Wheelock College', 'Harvard University', 'Wheelock College']","['US', 'US', 'US', 'NL', 'US', 'US', 'US']"
10.1111/j.1365-2648.2004.03199.x,"['University of Alberta', None, None, None]","['CA', None, None, None]"
10.1016/j.jesp.2018.07.012,['New School'],['US']
10.1016/j.rssm.2016.02.005,['Cornell University'],['US']
10.1080/00223980.2012.718721,"['Ball State University', None]","['US', None]"
10.3200/gntp.165.3.272-292,[None],[None]
10.1080/02732173.1985.9981756,['Lamar University'],['US']
10.1300/j067v07n01_09,['Dominican College of Blauvelt'],['US']
10.1093/sf/sox007,"['Duke University', 'Duke University', 'Duke University']","['US', 'US', 'US']"
10.1080/00049538908260093,['Charles Sturt University'],['AU']
10.1108/01443331111104805,['University of Windsor'],['CA']
10.1111/0022-4537.00209,"['Kansas State University', 'Rice University', 'Kansas State University']","['US', 'US', 'US']"
10.1080/01926180490425658,['Chinese University of Hong Kong'],['HK']
10.1007/s10964-011-9699-6,"['University of California, Los Angeles', 'University of Kentucky', 'University of California, Los Angeles', 'Mercer University']","['US', 'US', 'US', 'US']"
10.2307/1387587,[None],[None]
10.3102/00028312032003627,"['Developmental Studies Center', 'Developmental Studies Center', 'Developmental Studies Center', 'Developmental Studies Center', 'Developmental Studies Center']","['US', 'US', 'US', 'US', 'US']"
10.1525/sp.1974.21.5.03a00040,[None],[None]
10.1093/cjres/rsx024,['London School of Economics and Political Science'],['GB']
10.5817/cp2019-3-1,"['Santa Clara University', 'Santa Clara University', 'Santa Clara University', 'Santa Clara University', 'Pennsylvania State University']","['US', 'US', 'US', 'US', 'US']"
10.1007/s11092-017-9263-3,"['Rutgers, The State University of New Jersey', 'Rutgers, The State University of New Jersey', 'Rutgers, The State University of New Jersey', 'Rutgers, The State University of New Jersey', 'Rutgers, The State University of New Jersey', 'Arizona State University']","['US', 'US', 'US', 'US', 'US', 'US']"
10.1080/00224545.2016.1148006,"['Pontificia Universidad Católica de Chile', 'Pontificia Universidad Católica de Chile', 'Pontificia Universidad Católica de Chile', 'Pontificia Universidad Católica de Chile', 'University of Sussex', 'Pontificia Universidad Católica de Chile', 'Pontificia Universidad Católica de Chile', 'Pontificia Universidad Católica de Chile', 'Sapienza University of Rome']","['CL', 'CL', 'CL', 'CL', 'GB', 'CL', 'CL', 'CL', 'IT']"
10.1002/jcad.12029,"['Wichita State University', 'Wichita State University']","['US', 'US']"
10.22230/jripe.2010v1n2a24,"['University of Saskatchewan', 'University of Saskatchewan', 'University of Saskatchewan', 'University of Saskatchewan', 'University of Saskatchewan', 'University of Saskatchewan']","['CA', 'CA', 'CA', 'CA', 'CA', 'CA']"
10.18084/1084-7219.11.1.1,"[None, None, None]","[None, None, None]"
10.1007/s00355-017-1070-8,"['Mississippi University for Women', 'Mississippi State University', 'Monash University']","['US', 'US', 'AU']"
10.1111/j.1559-1816.1993.tb01014.x,"['University of California, Los Angeles', 'University of California, Los Angeles']","['US', 'US']"
10.1186/1472-698x-9-5,"['Makerere University', 'Butabika Hospital', 'University of Cape Town', 'Butabika Hospital', 'Makerere University']","['UG', 'UG', 'ZA', 'UG', 'UG']"
10.1163/156916304323072143,['Wellesley College'],['US']
10.2989/16085906.2019.1637912,"['Mbarara University of Science and Technology', 'Massachusetts General Hospital', 'Massachusetts General Hospital', 'Mbarara University of Science and Technology', 'Mbarara University of Science and Technology', 'Makerere University', 'Mbarara University of Science and Technology']","['UG', 'US', 'US', 'UG', 'UG', 'UG', 'UG']"
10.1371/journal.pone.0202990,"['Kenya Medical Research Institute', 'University of California System', 'University of Antwerp', 'University of Antwerp', 'University of California, San Francisco', 'University of California System', 'University of California, Berkeley', 'University of California System', 'Makerere University', 'University of California, San Francisco', 'Kenya Medical Research Institute', 'University of California System', 'University of California, San Francisco']","['KE', 'US', 'BE', 'BE', 'US', 'US', 'US', 'US', 'UG', 'US', 'KE', 'US', 'US']"
10.1111/j.1573-7861.2008.00077.x,['Joyce Foundation'],['US']
10.1016/s0277-9536(02)00304-0,"['Columbia University', 'University of London']","['US', 'GB']"
10.1371/journal.pone.0181568,"['RAND Corporation', 'University of California, Los Angeles', None, None, None, 'World Food Programme', 'University of California, San Francisco']","['US', 'US', None, None, None, 'IT', 'US']"
10.1162/rest_a_01013,"['University of Glasgow', 'Durbar Mahila Samanwaya Committee', 'University of Oxford', 'Indian Statistical Institute', ""King's College London""]","['GB', 'IN', 'GB', 'IN', 'GB']"
10.1186/1758-2652-13-s2-s7,"['YR Gaitonde Centre for AIDS Research and Education', 'Johns Hopkins University', 'Johns Hopkins University', 'YR Gaitonde Centre for AIDS Research and Education', 'Johns Hopkins University']","['IN', 'US', 'US', 'IN', 'US']"
10.1016/j.jaac.2010.10.006,"['National Institute of Mental Health', 'National Institute of Mental Health', 'National Institute of Mental Health', 'Centre National de la Recherche Scientifique', 'National Institute of Mental Health', 'New York University', 'McMaster University', 'National Institute of Mental Health', 'National Institute of Mental Health', 'Columbia University Irving Medical Center']","['JP', 'JP', 'JP', 'FR', 'JP', 'US', 'CA', 'JP', 'JP', 'US']"
10.1186/s12888-014-0297-5,"['Columbia University', 'Columbia University', None, 'New Bulgarian University', 'École des Hautes Études en Santé Publique', 'École des Hautes Études en Santé Publique', 'École des Hautes Études en Santé Publique']","['US', 'US', None, 'BG', 'FR', 'FR', 'FR']"
10.2307/25149384,"[""Queen's University""]",['CA']
10.1542/peds.106.1.52,"[""Boston Children's Hospital"", 'University of Massachusetts Chan Medical School', ""Boston Children's Hospital""]","['US', 'US', 'US']"
10.1016/j.drugalcdep.2006.10.014,"['University of California, Berkeley', 'Columbia University', 'Columbia University']","['US', 'US', 'US']"
10.3329/jhpn.v30i1.11272,"['BRAC University', 'BRAC', 'BRAC University', None, 'IBAIS University']","['BD', 'BD', 'BD', None, 'BD']"
10.1037/dev0000883,"[None, None]","[None, None]"
10.1097/jgp.0b013e3181cc0366,"['University of Pittsburgh', 'University of Pittsburgh', 'University of Washington', 'University of Pittsburgh', 'University of Pittsburgh', 'University of Pittsburgh', 'University of Pittsburgh']","['US', 'US', 'US', 'US', 'US', 'US', 'US']"
10.1037/a0032694,"['University of Connecticut', 'University of Connecticut', 'University of Pittsburgh', 'University of California, San Francisco']","['US', 'US', 'US', 'US']"
10.1080/00472778.2021.1890096,"['University of Notre Dame', 'Louisiana State University']","['US', 'US']"
10.20533/ijcdse.2042.6364.2013.0157,['Brock University'],['CA']
10.1111/jasp.12947,"['University of Richmond', 'Tulane University', 'North Carolina State University', 'North Carolina State University', 'Rhodes College']","['US', 'US', 'US', 'US', 'US']"
10.1080/09503153.2017.1360474,[None],[None]
10.21833/ijaas.2016.11.008,"['Sultan Idris Education University', 'Sultan Idris Education University', None]","['MY', 'MY', None]"
10.1111/asap.12367,"['University of Richmond', 'North Carolina State University', 'Marshall University', 'North Carolina State University', 'Rhodes College']","['US', 'US', 'US', 'US', 'US']"
10.1080/2331186x.2017.1279381,['Brock University'],['CA']
10.1080/10665680701761854,['Hamline University'],['US']
10.1002/ejsp.3039,"['University of Cologne', 'University of Bonn', 'University of Cologne', 'University Hospital Bonn']","['DE', 'DE', 'DE', 'DE']"
10.4103/0973-1075.105683,"['Post Graduate Institute of Medical Education and Research', 'Post Graduate Institute of Medical Education and Research', 'Post Graduate Institute of Medical Education and Research']","['IN', 'IN', 'IN']"
10.12677/ass.2023.1210761,[None],[None]
10.1002/jid.2891,"[""Université de Pau et des Pays de l'Adour""]",['FR']
10.4102/ve.v34i1.825,['University of the Free State'],['ZA']
10.1108/et-08-2017-0124,['London South Bank University'],['GB']
10.3390/su14010431,"['Universiti Teknologi Petronas', 'Universiti Teknologi Petronas', 'Northern University of Malaysia', 'Northern University of Malaysia']","['MY', 'MY', 'MY', 'MY']"
10.1093/aepp/ppq025,"['University of Wyoming', 'University of Wyoming']","['US', 'US']"
10.1126/science.1222426,"['University of Chicago', 'Harvard University', 'Princeton University']","['US', 'US', 'US']"
10.34218/ijm.11.12.2020.014,['Bahrain Center for Strategic International and Energy Studies'],['BH']
10.1002/pop4.283,['University of Notre Dame'],['US']
10.1080/19406940.2017.1349827,['University of Edinburgh'],['GB']
10.1080/09614524.2015.1081155,"[None, None, None, None, None, None, None]","[None, None, None, None, None, None, None]"
10.1108/ajems-08-2016-0120,"['University of Worcester', 'University of Worcester', 'Bath Spa University']","['GB', 'GB', 'GB']"
10.1108/ijif-12-2018-0138,['Hamad bin Khalifa University'],['QA']
10.1080/13691058.2018.1562092,"['The Ohio State University', 'The Ohio State University', 'The Ohio State University', 'The Ohio State University', None, 'The Ohio State University']","['US', 'US', 'US', 'US', None, 'US']"
10.1016/0305-750x(94)90141-4,['Brighton Hospital'],['US']
10.1080/09709274.2014.11906735,"['University of Fort Hare', 'University of Fort Hare']","['ZA', 'ZA']"
10.1093/occmed/kqw017,"['University of Sydney', 'University of Sydney']","['AU', 'AU']"
10.1146/annurev-resource-100516-053709,"[None, 'University of California, Davis']","[None, 'US']"
10.1177/019251300021001001,['Columbia University'],['US']
10.1080/00380237.2002.10570710,"['Bowling Green State University', 'Owens Community College']","['US', 'US']"
10.1016/j.adolescence.2019.07.011,['Minjiang University'],['CN']
10.1016/j.foodqual.2015.06.014,"[""Queen's University Belfast"", 'Trinity College Dublin', 'Trinity College Dublin', 'University of Ulster', 'University of Bradford', 'University of Bradford']","['GB', 'IE', 'IE', 'GB', 'GB', 'GB']"
10.1111/ggi.12689,"['University of Sydney', 'University of Sydney']","['AU', 'AU']"
10.1515/ijamh.2012.052,"['George Fox University', 'George Fox University', 'George Fox University', 'George Fox University', None, 'Central American University']","['US', 'US', 'US', 'US', None, 'NI']"
10.4168/aair.2016.8.2.141,"['University of Sydney', 'University of Sydney']","['AU', 'AU']"
10.2307/1519799,"['The Ohio State University', None]","['US', None]"
10.1080/13674676.2020.1828322,"['United Church of Christ', 'Western Michigan University', 'Western Michigan University', None]","['US', 'US', 'US', None]"
10.7856/kjcls.2011.22.3.407,"['University of Suwon', 'University of Suwon', 'University of Suwon']","['KR', 'KR', 'KR']"
10.2307/1389785,"['The University of Texas at Austin', 'University of Wisconsin–Madison']","['US', 'US']"
10.4040/jkan.2017.47.3.380,"[None, 'Seoul National University']","[None, 'KR']"
10.1111/j.1540-4560.1998.tb01227.x,"['City University of New York', 'New York Proton Center', 'University of Houston']","['US', 'US', 'US']"
10.1017/s0047279412000979,"['Oxford Policy Management', 'Makerere University', 'Oxford Policy Management', 'Oxford Policy Management', 'OsloMet – Oslo Metropolitan University', 'Oxford Policy Management', 'OsloMet – Oslo Metropolitan University', 'Institute of Rural Management Anand', 'Makerere University', 'Institute of Rural Management Anand', 'Chinese Academy of Social Sciences']","['GB', 'UG', 'GB', 'GB', 'NO', 'GB', 'NO', 'IN', 'UG', 'IN', 'CN']"
10.1007/s11256-019-00503-8,"['Lehigh University', 'Lehigh University']","['US', 'US']"
10.2307/353914,"[None, None]","[None, None]"
10.1002/imhj.21774,"['Johns Hopkins University', 'Michigan State University', 'Johns Hopkins University', 'Johns Hopkins University', 'World Health Organization - Uganda', 'Michigan State University', 'Johns Hopkins University']","['US', 'US', 'US', 'US', 'UG', 'US', 'US']"
10.1126/science.277.5328.918,"['University of Chicago', 'American Bar Foundation', 'American Bar Foundation']","['US', 'US', 'US']"
10.1086/644459,[None],[None]
10.1037/0893-3200.13.4.523,"['Cornell University', 'University of Victoria']","['US', 'CA']"
10.1353/hpu.2011.0131,"['San Francisco General Hospital', None, None, None]","['US', None, None, None]"
10.5465/amj.2015.0715,"['California University of Pennsylvania', 'California University of Pennsylvania', 'Indiana University']","['US', 'US', 'US']"
10.1177/0044118x231163242,"['Nanjing Forestry University', 'Nanjing Forestry University']","['CN', 'CN']"
10.1038/oby.2006.67,"[""Children's Hospital of Philadelphia"", 'University of Pennsylvania', 'Mathematica Policy Research']","['US', 'US', 'US']"
10.1353/cye.2009.0000,"['University of Oxford', 'University of Cambridge']","['GB', 'GB']"
10.1146/annurev.psych.52.1.1,['Stanford University'],['US']
10.1016/j.socec.2024.102219,"['University of Western Australia', 'North Metropolitan Health Service', 'IZA - Institute of Labor Economics']","['AU', 'AU', 'DE']"
10.14729/converging.k.2019.7.3.7,[None],[None]
10.1177/0266242620960456,"['DePaul University', 'University of Delaware', 'Durham University']","['US', 'US', 'GB']"
10.1016/j.adolescence.2015.09.011,"['Mill Valley Public Library', 'Swarthmore College', None, None, 'University of California, San Francisco', 'Mill Valley Public Library']","['US', 'US', None, None, 'US', 'US']"
10.1016/j.eneco.2021.105648,"['RMIT University', 'Monash University']","['AU', 'AU']"
10.2224/sbp.2006.34.7.777,"['Chinese University of Hong Kong', 'Notre Dame University – Louaize']","['HK', 'LB']"
10.1177/1088868310387615,"['University of California, Los Angeles', 'University of California, Los Angeles', 'Chemnitz University of Technology']","['US', 'US', 'DE']"
10.7336/academicus.2022.25.14,['University of Botswana'],['BW']
10.5993/ajhb.28.4.8,"['University of Arkansas at Fayetteville', 'ENVIRON (United States)', 'University of Arkansas at Fayetteville', 'University of Arkansas at Fayetteville']","['US', 'US', 'US', 'US']"
10.1080/10437797.1991.10672201,"['Virginia Commonwealth University', 'Virginia Commonwealth University']","['US', 'US']"
10.1007/bf01405730,"['University of California, Berkeley', 'University of California, Berkeley']","['US', 'US']"
10.2139/ssrn.2514590,"['International Food Policy Research Institute', 'University of Oxford', 'University of Oxford', 'International Food Policy Research Institute']","['US', 'GB', 'GB', 'US']"
10.5402/2012/501589,['University of Birmingham'],['GB']
10.2307/2224214,[None],[None]
10.1111/j.1745-9125.1986.tb00385.x,"[None, None, None]","[None, None, None]"
10.5330/psc.n.2010-13.38,"['Mersin Üniversitesi', 'Middle East Technical University']","['TR', 'TR']"
10.1606/1044-3894.1847,"['The University of Texas at Arlington', 'The University of Texas at Arlington']","['US', 'US']"
10.1080/09669582.2018.1526296,"['Sun Yat-sen University', 'Sun Yat-sen University']","['CN', 'CN']"
10.1177/0899764008320196,['Tel Hai Academic College'],['IL']
10.1177/07399863890114001,"['University of California, Los Angeles', None]","['US', None]"
10.1177/2156759x0901300103,"['Mersin Üniversitesi', 'Middle East Technical University']","['TR', 'TR']"
10.1177/104438940408500417,"['The University of Texas at Arlington', 'The University of Texas at Arlington']","['US', 'US']"
10.1111/j.1467-9450.2011.00921.x,"['Ibero American University', 'Ibero American University']","['MX', 'MX']"
10.1037/0003-066x.55.1.5,"[None, None]","[None, None]"
10.1300/j013v12n03_12,['Community College of Philadelphia'],['US']
10.2307/2293955,[None],[None]
10.5860/choice.48-0381,"[None, None]","[None, None]"
10.1257/089533006776526094,['Syracuse University'],['US']
10.1037/h0030769,"['Princeton University', None, None]","['US', None, None]"
10.3828/idpr.2012.23,['University of Melbourne'],['AU']
10.1177/017084068700800201,['University of Mannheim'],['DE']
10.5897/ijpc2013.0212,"[None, None]","[None, None]"
10.5860/choice.194640,[],[]
10.1017/s0022278x99003067,"['University of Sussex', 'Rhodes University']","['GB', 'ZA']"
10.1080/13691058.2017.1390162,['University of Jyväskylä'],['FI']
10.1002/mar.20254,"[None, None]","[None, None]"
10.1111/jsbm.12485,"[None, None, None]","[None, None, None]"
10.1515/ijnes-2013-0076,"['University of Nevada, Las Vegas', 'Together', 'University of Nevada, Las Vegas']","['US', 'US', 'US']"
10.1111/j.1471-0366.2012.00376.x,['Juraj Dobrila University of Pula'],['HR']
10.5840/beq201323326,"['Ramapo College', 'University of Maryland, College Park']","['US', 'US']"
10.3389/fpsyg.2016.01611,"['Universidade de Santiago de Compostela', 'Universidade de Vigo', 'Universidade de Santiago de Compostela', 'Universidade de Santiago de Compostela', 'Universidade de Santiago de Compostela']","['ES', 'ES', 'ES', 'ES', 'ES']"
10.3389/fpsyg.2017.00061,"['Centro de Educación Médica e Investigaciones Clínicas Norberto Quirno', 'Uppsala University']","['AR', 'SE']"
10.1080/10796120120038028,[None],[None]
10.14989/70892,"[None, None]","[None, None]"
10.1111/1475-4991.00021,"['University of Wisconsin–Madison', 'United States Department of the Treasury']","['US', 'US']"
10.1046/j.1365-2524.2002.00382.x,"['University of Manchester', None, None, 'Manchester Metropolitan University', 'Manchester Metropolitan University']","['GB', None, None, 'GB', 'GB']"
10.1002/jid.784,['University of Sussex'],['GB']
10.2307/3089992,"[None, None]","[None, None]"
10.1016/j.ssresearch.2006.07.003,['University of Oregon'],['US']
10.1002/hbm.23273,"['Beijing Normal University', 'Civil Aviation Administration of China', 'Beijing Normal University', 'Chinese University of Hong Kong', 'Clinical Nutrition Research Centre', 'Beijing Normal University']","['CN', 'CN', 'CN', 'HK', 'SG', 'CN']"
10.3389/fpsyg.2019.00937,"['Tokyo Medical and Dental University', 'Tokyo Medical and Dental University', 'Tokyo Medical and Dental University', 'National Institute of Public Health']","['JP', 'JP', 'JP', 'JP']"
10.1016/j.childyouth.2020.104824,['Chinese University of Hong Kong'],['HK']
10.1007/s12310-021-09410-4,"['Sapienza University of Rome', 'University of Salerno', 'Sapienza University of Rome', 'Italian National Agency for the Evaluation of Universities and Research Institutes', 'University of Salerno', 'Sapienza University of Rome', 'Sapienza University of Rome']","['IT', 'IT', 'IT', 'IT', 'IT', 'IT', 'IT']"
10.2147/prbm.s349907,"['Nanjing University', 'Nanjing University']","['CN', 'CN']"
10.1080/10796120220120340,"[None, None]","[None, None]"
10.1371/journal.pone.0243457,"['Institute of Development Studies', 'University of Edinburgh']","['GB', 'GB']"
10.1177/001440290206800201,"['University of Kansas', 'University of Kansas', 'University of Kansas']","['US', 'US', 'US']"
10.3390/ijerph17176277,"['Tokyo Medical and Dental University', 'Tokyo Medical and Dental University', 'Tokyo Medical and Dental University']","['JP', 'JP', 'JP']"
10.1177/096673509400000709,[None],[None]
10.1017/s0954579400005587,"['University of Rochester', 'University of Rochester', 'University of Rochester']","['US', 'US', 'US']"
10.2307/2676302,"[None, None]","[None, None]"
10.2307/1519798,"['The University of Texas at Austin', 'Iowa State University', 'The University of Texas at Austin', 'University of South Florida']","['US', 'US', 'US', 'US']"
10.5860/choice.38-1255,[],[]
10.1080/1533256x.2020.1838860,"['Michigan State University', 'Michigan State University']","['US', 'US']"
10.15709/hswr.2019.39.3.148,[None],[None]
10.1111/j.1759-5436.1999.mp30002005.x,[None],[None]
10.1111/j.1467-9701.2004.00589.x,['Institute of World Economics'],['HU']
10.5860/choice.50-5134,[None],[None]
10.1080/00336297.1997.10484222,"['University of North Carolina at Greensboro', 'University of North Carolina at Greensboro']","['US', 'US']"
10.31436/ijes.v9i4.378,"[None, None, None, 'Baqai Institute of Diabetology and Endocrinology', None, None]","[None, None, None, 'PK', None, None]"
10.1111/psj.12001,"[None, None]","[None, None]"
10.1111/1467-8624.00281,"['The University of Texas at Austin', 'Northwestern University', 'Manpower Demonstration Research Corporation', 'Manpower Demonstration Research Corporation', 'University of Michigan–Ann Arbor', 'University of North Carolina at Chapel Hill', 'The University of Texas at Austin', 'Northwestern University', 'Northwestern University', 'Northwestern University', 'Manpower Demonstration Research Corporation']","['US', 'US', 'US', 'US', 'US', 'US', 'US', 'US', 'US', 'US', 'US']"
10.5860/choice.195387,['University College London'],['GB']
10.1542/peds.2006-2775,"['RTI International', None, 'SRI International', 'Menlo School']","['US', None, 'US', 'US']"
10.1080/13540602.2014.937960,['University of Pretoria'],['ZA']
10.2307/1961794,"['California State University, Long Beach']",['US']
10.5860/choice.43-1202,"[None, None]","[None, None]"
10.26817/16925777.286,[None],[None]
10.1080/01436597.2011.604520,"['University College London', 'University College London', 'University College London', 'Washington University in St. Louis']","['GB', 'GB', 'GB', 'US']"
10.1093/oxfordjournals.jpart.a037114,['Southern California University for Professional Studies'],['US']
10.1002/polq.12303,['Lafayette College'],['US']
10.1111/j.1728-4465.2000.00274.x,['Syracuse University'],['US']
10.1080/02681102.1998.9525287,"['International Development Research Centre', 'International Development Research Centre']","['CA', 'CA']"
10.1093/hsw/36.1.7,"['Southwest Minnesota State University', None, 'Arizona State University', 'Arizona State University']","['US', None, 'US', 'US']"
10.1177/003172170608800206,"[None, None]","[None, None]"
10.1080/02601370.2016.1164468,"['University of Pennsylvania', 'Rutgers, The State University of New Jersey']","['US', 'US']"
10.1080/01596306.2013.871447,"['Deakin University', 'Deakin University']","['AU', 'AU']"
10.1111/ecoj.12210,"['Tilburg University', 'University of Glasgow', 'University of Warwick']","['NL', 'GB', 'GB']"
10.2139/ssrn.1975339,"['Tilburg University', 'University of Warwick', 'University of Warwick']","['NL', 'GB', 'GB']"
10.1093/tcbh/15.2.119,['Universidad de Londres'],['MX']
10.2139/ssrn.1966402,"['Tilburg University', 'University of Warwick', 'University of Warwick']","['NL', 'GB', 'GB']"
10.5897/ijeaps.9000003,"[None, None]","[None, None]"
10.1086/696968,"['University of California, Davis', 'University of Notre Dame']","['US', 'US']"
10.1080/0966369x.2019.1693347,"['International Center for Research on Women', 'University of Amsterdam']","['US', 'NL']"
10.1111/j.1750-0206.2005.tb00244.x,['Queen Mary University of London'],['GB']
10.1080/03057925.2013.821317,['University of Oxford'],['GB']
10.1016/j.worlddev.2015.03.001,"['Institut de Recherche pour le Développement', 'Institut de Recherche pour le Développement']","['FR', 'FR']"
10.1111/j.1467-7679.2010.00501.x,"['Centre For Development Studies', 'Centre For Development Studies']","['IN', 'IN']"
10.1080/00220388.2020.1806242,"['University of East Anglia', 'University of Oxford']","['GB', 'GB']"
10.1016/j.jadohealth.2010.02.010,"['The University of Texas at Austin', 'University of California, San Francisco', 'Wested', 'Columbia University', 'University of California, San Francisco']","['US', 'US', 'US', 'US', 'US']"
10.1080/08985626.2019.1640484,"['University of Minnesota, Duluth', 'University of Illinois at Springfield']","['US', 'US']"
10.2139/ssrn.1747798,['University of Manchester'],['GB']
10.2307/2676187,"[None, None]","[None, None]"
10.1007/s11205-012-0189-3,"['University of East Anglia', 'National Institute of Development Administration', 'Institute of Development Studies', 'Khon Kaen University']","['GB', 'TH', 'GB', 'TH']"
10.1080/13639080903453987,['University of Liverpool'],['GB']
10.1111/anti.12601,"['University of California, Los Angeles', 'San Francisco State University', 'University of California, Los Angeles']","['US', 'US', 'US']"
10.1016/j.jebo.2017.09.018,['Durham University'],['GB']
10.2139/ssrn.3695398,"['Centre for the Study of the Economies of Africa', 'University of Oxford']","['NG', 'GB']"
10.1002/j.2164-585x.1966.tb01155.x,['Detroit Public Library'],['US']
10.1111/j.1533-8525.1967.tb01080.x,['Syracuse University'],['US']
10.1007/s10683-012-9333-9,['Princeton University'],['US']
10.1080/09614520802689535,"['SOAS University of London', 'International Institute for Environment and Development', None, 'Universidad Autónoma del Estado de México', 'Yahoo (United Kingdom)', 'SOAS University of London', 'SOAS University of London']","['GB', 'GB', None, 'MX', 'GB', 'GB', 'GB']"
10.1016/j.socscimed.2010.03.023,"['Durham University', 'Durham University']","['GB', 'GB']"
10.1111/ciso.12145,['Harvard University Press'],['US']
10.1080/15564886.2019.1694114,['University of Cambridge'],['GB']
10.1080/13504851.2018.1486973,"['Texas A&M University', 'Agricultural & Applied Economics Association', 'Texas A&M University']","['US', 'US', 'US']"
10.1111/dech.12706,[None],[None]
10.3390/su12083359,"['Polytechnic Institute of Porto', 'University of Minho', 'Bucharest University of Economic Studies']","['PT', 'PT', 'RO']"
10.1126/science.1238041,"['University of Warwick', 'Harvard University', 'Woodrow Wilson International Center for Scholars', 'University of British Columbia']","['GB', 'US', 'US', 'CA']"
10.1212/01.wnl.0000324420.03960.36,['Rush University Medical Center'],['US']
10.1017/s0954579401003133,"['Douglas Mental Health University Institute', 'Douglas Mental Health University Institute', 'Douglas Mental Health University Institute', 'Rockefeller University']","['CA', 'CA', 'CA', 'US']"
10.1001/jamanetworkopen.2020.23774,"['Washington University in St. Louis', 'Washington University in St. Louis', 'Washington University in St. Louis', 'Washington University in St. Louis']","['US', 'US', 'US', 'US']"
10.3389/fpsyg.2015.01037,"['Lund University', 'Stockholm University', 'KU Leuven']","['SE', 'SE', 'BE']"
10.1016/j.envres.2016.05.048,"['Center for Environmental Health', 'Center for Environmental Health', 'Center for Environmental Health', 'Center for Environmental Health', 'Center for Environmental Health', 'Clinica de Salud del Valle de Salinas', 'Center for Environmental Health']","['US', 'US', 'US', 'US', 'US', 'US', 'US']"
10.1212/wnl.0000000000012343,"['West China Medical Center of Sichuan University', 'West China Medical Center of Sichuan University', 'West China Medical Center of Sichuan University']","['CN', 'CN', 'CN']"
10.1371/journal.pone.0278618,"['Universität Innsbruck', 'University of York', 'Universität Innsbruck']","['AT', 'GB', 'AT']"
10.1136/jech.2010.121228,"['University of London', 'University of London', 'University of London', ""King's College London""]","['GB', 'GB', 'GB', 'GB']"
10.1111/j.1532-5415.2010.02801.x,"['International Centre for Diarrhoeal Disease Research', 'International Centre for Diarrhoeal Disease Research', 'International Centre for Diarrhoeal Disease Research', 'International Centre for Diarrhoeal Disease Research', 'International Centre for Diarrhoeal Disease Research']","['BD', 'BD', 'BD', 'BD', 'BD']"
10.1111/j.1467-8624.1965.tb05345.x,"['University of Chicago', None]","['US', None]"
10.1093/aje/kww195,"['ADA University', 'University of Adelaide', 'The Kids Research Institute Australia', 'University of Bristol']","['AZ', 'AU', 'AU', 'GB']"
10.3390/ijerph15010016,['Columbia University'],['US']
10.1371/journal.pone.0080954,"['University of Wisconsin–Madison', 'University of Wisconsin–Madison', 'University of North Carolina at Chapel Hill', 'University of North Carolina at Chapel Hill', 'University of North Carolina at Chapel Hill', 'University of Wisconsin–Madison', 'University of Wisconsin–Madison']","['US', 'US', 'US', 'US', 'US', 'US', 'US']"
10.1093/sf/77.1.257,['University of North Carolina at Chapel Hill'],['US']
10.1111/j.1467-8624.1994.tb00755.x,"['University of Arkansas at Little Rock', 'University of Arkansas at Little Rock', 'University of Arkansas at Little Rock', 'University of Arkansas for Medical Sciences', 'University of Arkansas for Medical Sciences', 'University of Arkansas for Medical Sciences']","['US', 'US', 'US', 'US', 'US', 'US']"
10.1037/0012-1649.40.5.727,"['University of California, Los Angeles', 'University of Wisconsin–Madison', 'University of North Carolina at Chapel Hill', 'University of North Carolina at Chapel Hill', 'University of North Carolina at Chapel Hill']","['US', 'US', 'US', 'US', 'US']"
10.1177/0956797612443836,"['University of Luxembourg', 'University of Minho', 'University of Luxembourg', 'University of Luxembourg', 'York University']","['LU', 'PT', 'LU', 'LU', 'CA']"
10.1207/s1532480xads0403_4,"['University of North Carolina at Chapel Hill', None, None, None]","['US', None, None, None]"
10.1111/j.1467-7687.2010.01032.x,"['University of California, Berkeley', 'University of California, Berkeley', 'World Bank', None]","['US', 'US', 'US', None]"
10.1073/pnas.1810901116,"['National University of Singapore', 'Singapore University of Social Sciences', 'National University of Singapore']","['SG', 'SG', 'SG']"
10.1136/adc.2003.032490,"['University College London', 'MRC Unit for Lifelong Health and Ageing']","['GB', 'GB']"
10.1176/ajp.156.3.400,"['London Health Sciences Centre', None, None, None, None, None, None, None, None]","['CA', None, None, None, None, None, None, None, None]"
10.1177/156482651103200307,"['Agricultural Research Service', None]","['US', None]"
10.1037/bul0000010,"['University of Massachusetts Boston', 'University of Massachusetts Boston']","['US', 'US']"
10.2307/3089239,"[None, None, None, None]","[None, None, None, None]"
10.1542/peds.109.6.1100,"['University of Maryland, Baltimore', 'University of Maryland, Baltimore', 'University of Maryland, Baltimore', 'University of Maryland, Baltimore County']","['US', 'US', 'US', 'US']"
10.1111/desc.12080,"['Consejo Nacional de Investigaciones Científicas y Técnicas', 'Consejo Nacional de Investigaciones Científicas y Técnicas', 'Centro de Educación Médica e Investigaciones Clínicas Norberto Quirno', 'Consejo Nacional de Investigaciones Científicas y Técnicas', 'Consejo Nacional de Investigaciones Científicas y Técnicas', 'Consejo Nacional de Investigaciones Científicas y Técnicas', 'Consejo Nacional de Investigaciones Científicas y Técnicas']","['AR', 'AR', 'AR', 'AR', 'AR', 'AR', 'AR']"
10.2139/ssrn.3505970,"['Max Planck Society', 'Max Planck Society', 'Max Planck Institute for Social Law and Social Policy']","['DE', 'DE', 'DE']"
10.1016/j.learninstruc.2019.101218,"['Babeș-Bolyai University', 'University of Oslo', None, 'University of Oslo', 'University of Oslo']","['RO', 'NO', None, 'NO', 'NO']"
10.1017/s1742058x04040032,['Princeton University'],['US']
10.15585/mmwr.mm6732a3,"['National Center on Birth Defects and Developmental Disabilities', 'National Center on Birth Defects and Developmental Disabilities', 'National Center on Birth Defects and Developmental Disabilities', 'National Center on Birth Defects and Developmental Disabilities']","['US', 'US', 'US', 'US']"
10.1080/10875549.2016.1204644,"['University of Notre Dame', 'University of Notre Dame']","['US', 'US']"
10.1016/j.energy.2023.127078,"['China University of Geosciences', 'China University of Geosciences', 'China University of Geosciences', 'Wuhan Textile University', 'China University of Geosciences', 'Macquarie University']","['CN', 'CN', 'CN', 'CN', 'CN', 'AU']"
10.1016/j.esd.2021.12.011,"['China University of Geosciences', 'China University of Geosciences', 'China University of Geosciences', 'China University of Geosciences', 'China University of Geosciences']","['CN', 'CN', 'CN', 'CN', 'CN']"
10.3368/jhr.51.3.0914-6664r,"['National Bureau of Economic Research', 'Miriam Hospital', 'National Bureau of Economic Research']","['US', 'US', 'US']"
10.1002/jid.951,['University of Sussex'],['GB']
10.1080/00048670802050512,"[None, 'University of Adelaide', 'University of Adelaide']","[None, 'AU', 'AU']"
10.1097/dbp.0000000000000656,"['National Center on Birth Defects and Developmental Disabilities', 'National Center on Birth Defects and Developmental Disabilities', 'National Center on Birth Defects and Developmental Disabilities', 'National Center on Birth Defects and Developmental Disabilities', 'National Center for Emerging and Zoonotic Infectious Diseases', 'University of Miami', 'University of California, Los Angeles', 'University of Miami', 'National Center on Birth Defects and Developmental Disabilities']","['US', 'US', 'US', 'US', 'US', 'US', 'US', 'US', 'US']"
10.1038/s41380-021-01130-0,"['National Institute on Alcohol Abuse and Alcoholism', 'National Institute on Alcohol Abuse and Alcoholism']","['US', 'US']"
10.1093/geronb/gbt112,"['University of South Florida', 'University of South Florida', 'University of South Florida', 'University of South Florida']","['US', 'US', 'US', 'US']"
10.1080/00224549809600370,"['Government of the Northern Territory', 'Trinity College Dublin']","['AU', 'IE']"
10.1016/j.euroneuro.2014.03.008,"[None, 'University of Nottingham', 'Janssen (Belgium)', 'University of California, Los Angeles']","[None, 'GB', 'BE', 'US']"
10.3386/w18422,"['Brown University', 'Miriam Hospital', 'Brown University']","['US', 'US', 'US']"
10.4172/2573-0347.1000101,[None],[None]
10.1542/peds.2006-2313,"['University of Utah', 'Institute for Learning and Development', 'University of North Carolina at Chapel Hill', 'National Center for Injury Prevention and Control', 'University of North Carolina at Chapel Hill']","['US', 'US', 'US', 'US', 'US']"
10.1086/692290,"[None, None, None, None, None, None, None, None, None]","[None, None, None, None, None, None, None, None, None]"
10.1192/bjp.162.6.744,"[""St Bernard's Hospital"", 'St. Mary’s Hospital', 'Hammersmith Hospital']","['GI', 'ZA', 'GB']"
10.1177/0956797619847989,"['University of Georgia', 'Family Research Institute', None, 'Family Research Institute', None, None, 'Family Research Institute', 'Auburn University', 'University of Georgia']","['US', 'US', None, 'US', None, None, 'US', 'US', 'US']"
10.1542/peds.2014-0694,"['International Centre for Diarrhoeal Disease Research', 'International Centre for Diarrhoeal Disease Research', 'University of Dhaka', 'International Centre for Diarrhoeal Disease Research', None, 'University College London', None]","['BD', 'BD', 'BD', 'BD', None, 'GB', None]"
10.3389/fpsyg.2014.00550,"['University of Luxembourg', 'Universidade Federal da Bahia', 'Universidade Federal de São Paulo', 'Universidade de São Paulo', 'University of Luxembourg', 'Universidade Federal de São Paulo', 'Universidade de São Paulo', 'Universidade Federal de São Paulo', 'University of Luxembourg']","['LU', 'BR', 'BR', 'BR', 'LU', 'BR', 'BR', 'BR', 'LU']"
10.1017/s1368980016001361,"['University of Delaware', 'Geriatric Research Education and Clinical Center', 'University of Delaware', 'University of Delaware', 'University of Delaware', 'University of Delaware', 'National Institute on Aging', 'National Institute on Aging']","['US', 'US', 'US', 'US', 'US', 'US', 'US', 'US']"
10.1016/j.jpeds.2020.05.020,"['New York University', 'New York University', 'Foundation for Child Development', 'New York University', 'Yale University', 'University of Toronto', None, 'University of the Witwatersrand', 'University of Oxford']","['US', 'US', 'US', 'US', 'US', 'CA', None, 'ZA', 'GB']"
10.2307/2137757,"[None, 'Harvard University Press', None]","[None, 'US', None]"
10.1111/j.1467-8624.2007.01019.x,"['Pennsylvania State University', 'Pennsylvania State University']","['US', 'US']"
10.2307/2657556,"[""Institute for Women's Policy Research"", None, None, None]","['US', None, None, None]"
10.21500/20112084.2760,"['Centro Científico Tecnológico - Mendoza', 'Centro Científico Tecnológico - Mendoza', 'Centro Científico Tecnológico - Mendoza']","['AR', 'AR', 'AR']"
10.1037/0003-066x.49.1.15,"[None, None, None, None, None, None, None]","[None, None, None, None, None, None, None]"
10.1177/003172171009200119,"['Public and Science', 'University College London']","['SE', 'GB']"
10.1017/s0954579412000247,"['University of Denver', 'University of Denver', 'University of Salzburg', 'University of California, Berkeley']","['US', 'US', 'AT', 'US']"
10.1126/science.1112122,"['Tyndall Centre', 'James Cook University', 'James Cook University', 'Tyndall Centre', 'Tyndall Centre']","['GB', 'AU', 'AU', 'GB', 'GB']"
10.1177/001440296803500101,[None],[None]
10.1257/jel.46.1.95,"['Paris School of Economics', 'Queensland University of Technology', 'University of Melbourne']","['FR', 'AU', 'AU']"
10.2307/353903,"[None, None, None, None]","[None, None, None, None]"
10.1542/peds.2011-2663,"[None, None, None, None, None, None, None, None, None]","[None, None, None, None, None, None, None, None, None]"
10.3402/ejpt.v5.25338,"['Yale University', 'New York University', 'University of Minnesota', 'Yale University', 'Mount Sinai Hospital']","['US', 'US', 'US', 'US', 'US']"
10.1123/jsep.29.2.239,"['University of Illinois Urbana-Champaign', 'University of Illinois Urbana-Champaign', 'University of Illinois Urbana-Champaign', 'University of Illinois Urbana-Champaign']","['US', 'US', 'US', 'US']"
10.1001/jama.2009.754,"['Harvard University', 'University of British Columbia', 'Rockefeller University']","['US', 'CA', 'US']"
10.1542/peds.2006-0738,"['Penn State Milton S. Hershey Medical Center', 'Mercer University', 'Royal Hospital for Children', ""Addenbrooke's Hospital""]","['US', 'US', 'GB', 'GB']"
10.1017/bec.2019.3,['Parenting Research Centre'],['AU']
10.2307/2657415,"['University of Pennsylvania', None]","['US', None]"
10.1017/s0033291700012976,['University of Oxford'],['GB']
10.1371/journal.pone.0112393,"['New York University', 'New York University']","['US', 'US']"
10.1093/ije/dyh372,"['University College London', 'University College London']","['GB', 'GB']"
10.1037/0012-1649.43.1.208,['University of Chicago'],['US']
10.1111/cdev.12386,"['New York University', 'New York University', 'University of North Carolina at Greensboro', 'University of Illinois Urbana-Champaign', 'Pennsylvania State University']","['US', 'US', 'US', 'US', 'US']"
10.1111/sode.12071,"['University of Washington', 'University of Washington', 'University of Washington', 'University of Washington', 'University of Washington', 'University of Washington', 'University of Washington']","['US', 'US', 'US', 'US', 'US', 'US', 'US']"
10.1177/0956797613510949,"['University of Washington', 'University of British Columbia', 'Princeton University']","['US', 'CA', 'US']"
10.1016/j.addbeh.2021.106923,"['University of Tennessee Health Science Center', 'Boys Town', 'University of Washington', 'Boys Town', 'University of Nebraska–Lincoln', 'University of Nebraska–Lincoln', 'The University of Texas at San Antonio', 'University of Nebraska–Lincoln']","['US', 'US', 'US', 'US', 'US', 'US', 'US', 'US']"
10.1111/cdev.13320,"['Harvard University Press', 'Yale University', 'Queen Mary University of London', 'Hashemite University', 'University of Wisconsin–Madison', 'University of North Carolina at Chapel Hill']","['US', 'US', 'GB', 'JO', 'US', 'US']"
10.1111/desc.12027,"['New York University', 'New York University', 'Manpower Demonstration Research Corporation', 'Kean University']","['US', 'US', 'US', 'US']"
10.1016/s0140-6736(08)61690-6,"['University College London', 'University College London', 'University College London', 'University College London', 'University College London']","['GB', 'GB', 'GB', 'GB', 'GB']"
10.1111/cdev.12129,"['Cornell University', 'Cornell University']","['US', 'US']"
10.1017/s095457941600002x,"['University of Washington', 'University of Washington', 'University of Washington', 'Oregon Social Learning Center', 'University of Washington', 'University of Washington']","['US', 'US', 'US', 'US', 'US', 'US']"
10.1177/0956797617711640,"[""Seattle Children's Hospital"", 'Pennsylvania State University', 'Pennsylvania State University', 'University of Wisconsin–Madison']","['US', 'US', 'US', 'US']"
10.1080/10409289.2017.1287993,"['New York University', 'New York University', 'New York University', 'New York University']","['US', 'US', 'US', 'US']"
10.1017/s0020818300026448,[None],[None]
10.1162/003355300555475,"['American University', 'World Bank']","['US', 'US']"
10.1080/10796126.2014.976185,"['Harvard University', 'New York University']","['US', 'US']"
10.1111/desc.13084,"['Cornell University', 'University of Pennsylvania', 'University of Southern California']","['US', 'US', 'US']"
10.1080/10888691.2016.1257943,"['New York University', 'City University of New York']","['US', 'US']"
10.1080/03003930600896293,"['University of Birmingham', 'University of Birmingham']","['GB', 'GB']"
10.1007/s12187-017-9481-8,"['Maastricht University', 'Maastricht University', 'Maastricht University', 'Maastricht University']","['NL', 'NL', 'NL', 'NL']"
10.1177/1750698016661131,['University of Leicester'],['GB']
10.2307/798899,['Brandeis University'],['US']
10.1016/j.dcn.2016.11.006,"['University of Michigan–Ann Arbor', 'East Sussex County Council', 'Yale University', 'New York State University College of Human Ecology', 'New York State University College of Human Ecology', 'University of Michigan–Ann Arbor', 'University of Michigan–Ann Arbor', 'University of Michigan–Ann Arbor']","['US', 'GB', 'US', 'US', 'US', 'US', 'US', 'US']"
10.1080/15248372.2013.797906,['Dartmouth Hospital'],['GB']
10.1525/sp.1965.13.2.03a00040,[None],[None]
10.1177/1750698016645265,['University of Virginia'],['US']
10.1080/14443059009387016,['La Trobe University'],['AU']
10.1016/j.psyneuen.2020.105040,"['University College London', 'University College London', 'University College London']","['GB', 'GB', 'GB']"
10.1215/01636545-1993-56-5,[None],[None]
10.1371/journal.pone.0018712,"['University of Wisconsin–Madison', 'Harvard University', 'University of Wisconsin–Madison', 'University of Wisconsin–Madison']","['US', 'US', 'US', 'US']"
10.1093/gerona/glv013,"['Oregon State University', 'Oregon State University', 'Oregon Health & Science University', 'Oregon State University', 'Oregon State University']","['US', 'US', 'US', 'US', 'US']"
10.1073/pnas.1604756114,['Cornell University'],['US']
10.1080/13621020601099856,['Loughborough University'],['GB']
10.1080/10646175.2017.1315689,"['University of Cincinnati', 'Georgia State University']","['US', 'US']"
10.15354/sief.21.rp001,['South Central University for Nationalities'],['CN']
10.1044/jshr.3903.611,"['Google (United States)', 'Indiana University Bloomington', 'Indiana University Bloomington']","['US', 'US', 'US']"
10.2105/ajph.2011.300253,['Inter-American Development Bank'],['US']
10.1017/s0021911813002350,[None],[None]
10.3389/fpubh.2024.1341501,"['Sebelas Maret University', 'Sebelas Maret University', 'Sebelas Maret University', 'Sebelas Maret University', 'Sebelas Maret University']","['ID', 'ID', 'ID', 'ID', 'ID']"
10.1111/desc.12822,"['University of Stirling', None, 'University of East Anglia', None, 'University of East Anglia']","['GB', None, 'GB', None, 'GB']"
10.1111/cdev.13766,"['Utrecht University', 'Utrecht University', 'UPMC Altoona', 'University of Utah']","['NL', 'NL', 'US', 'US']"
10.1016/j.dcn.2019.100642,"['University of Georgia', 'University of Georgia', 'University of Georgia', 'St. Joseph’s Healthcare Hamilton', 'University of California, Los Angeles', 'University of Georgia', 'University of Georgia']","['US', 'US', 'US', 'CA', 'US', 'US', 'US']"
10.5860/choice.39-3159,[None],[None]
10.15700/saje.v39n1a1342,"[None, 'University of South Africa']","[None, 'ZA']"
10.1111/sjop.12292,"['Lund University', 'Stockholm University', 'Peking University', 'Peking University', 'Peking University', 'Peking University']","['SE', 'SE', 'CN', 'CN', 'CN', 'CN']"
10.1177/1087054713476138,"['University of Luxembourg', 'Universidade Federal de São Paulo', 'Universidade Federal da Bahia', 'University of Luxembourg', 'Universidade Federal de São Paulo', 'Universidade Federal de São Paulo', 'University of Luxembourg']","['LU', 'BR', 'BR', 'LU', 'BR', 'BR', 'LU']"
10.1097/psy.0000000000000196,"['National Institute on Aging', 'National Institute on Aging', 'National Institute on Aging', 'National Institute on Aging']","['US', 'US', 'US', 'US']"
10.1037/dev0000319,"['Auburn University', 'Auburn University', 'Auburn University', 'Auburn University', 'Auburn University']","['US', 'US', 'US', 'US', 'US']"
10.1515/ijamh-2018-0024,"['University of Ruhuna', 'University of Sri Jayewardenepura', 'University of Sri Jayewardenepura', 'University of Sri Jayewardenepura', 'University of Ruhuna']","['LK', 'LK', 'LK', 'LK', 'LK']"
10.1093/aje/kwy006,"[None, None, None, None, None, None]","[None, None, None, None, None, None]"
10.1016/j.brainres.2006.06.072,"['University of Pennsylvania', ""Children's Hospital of Philadelphia"", 'University of Pennsylvania', 'University of Pennsylvania', ""Children's Hospital of Philadelphia"", 'University of Pennsylvania', ""Children's Hospital of Philadelphia"", ""Children's Hospital of Philadelphia""]","['US', 'US', 'US', 'US', 'US', 'US', 'US', 'US']"
10.1111/j.1467-8624.2011.01643.x,"['Pennsylvania State University', 'Pennsylvania State University', 'University of North Carolina at Chapel Hill', 'Pennsylvania State University', 'University of North Carolina at Chapel Hill', 'Pennsylvania State University', 'Pennsylvania State University', 'Pennsylvania State University']","['US', 'US', 'US', 'US', 'US', 'US', 'US', 'US']"
10.1002/jclp.10020,['University of Utah'],['US']
10.1353/jod.2016.0012,[None],[None]
10.1111/desc.12019,"['Stanford University', 'Stanford University', 'Stanford University']","['US', 'US', 'US']"
10.1289/ehp.1003185,"['Center for Environmental Health', 'Center for Environmental Health', 'Center for Environmental Health', 'Center for Environmental Health', 'Center for Environmental Health', 'Clinica de Salud del Valle de Salinas', 'Center for Environmental Health', 'Center for Environmental Health', 'Center for Environmental Health', 'Emory University', 'Center for Environmental Health']","['US', 'US', 'US', 'US', 'US', 'US', 'US', 'US', 'US', 'US', 'US']"
10.1016/s0006-3223(99)00045-1,"['University of Pittsburgh Medical Center', 'University of Pittsburgh Medical Center', 'University of Pittsburgh Medical Center', 'University of Pittsburgh Medical Center', 'National Institute of Mental Health', 'Western State Hospital', 'Western State Hospital', 'University of Pittsburgh Medical Center']","['US', 'US', 'US', 'US', 'US', 'US', 'US', 'US']"
10.2307/1602514,"['Case Western Reserve University', None, None]","['US', None, None]"
10.2307/1167322,[None],[None]
10.1016/j.jecp.2003.10.002,"['Durham University', 'Durham University', 'Liverpool John Moores University', 'Liverpool John Moores University']","['GB', 'GB', 'GB', 'GB']"
10.1097/dbp.0000000000001210,"['Kennedy Krieger Institute', 'Kennedy Krieger Institute', 'Kennedy Krieger Institute', 'Kennedy Krieger Institute', 'Johns Hopkins University', 'Kennedy Krieger Institute', 'Kennedy Krieger Institute', 'Kennedy Krieger Institute']","['US', 'US', 'US', 'US', 'US', 'US', 'US', 'US']"
10.1016/j.leaqua.2007.03.001,"['North Carolina State University', None, 'Kaplan (United States)']","['US', None, 'US']"
10.1111/j.1750-8606.2011.00209.x,"['New York University', 'New York University', 'New York University']","['US', 'US', 'US']"
10.1016/j.dr.2015.01.004,"['Johns Hopkins University', 'Virginia Tech', 'Johns Hopkins University']","['US', 'US', 'US']"
10.1037/0022-006x.72.3.500,"['University of Oklahoma Health Sciences Center', 'University of Oklahoma Health Sciences Center', 'University of Oklahoma Health Sciences Center', 'University of Oklahoma Health Sciences Center', 'University of Oklahoma Health Sciences Center', 'University of Oklahoma Health Sciences Center', 'University of Oklahoma Health Sciences Center', 'University of Oklahoma Health Sciences Center', 'University of Oklahoma Health Sciences Center']","['US', 'US', 'US', 'US', 'US', 'US', 'US', 'US', 'US']"
10.1257/aer.p20161101,"['Massachusetts Institute of Technology', 'University of Pennsylvania', None]","['US', 'US', None]"
10.2307/143714,"[None, None, None]","[None, None, None]"
10.1016/j.learninstruc.2013.11.003,"['New York University', 'New York University', 'New York University', 'University of North Carolina at Chapel Hill']","['US', 'US', 'US', 'US']"
10.1037/0003-066x.52.10.1051,"['Cornell University', None]","['US', None]"
10.1016/j.labeco.2021.102028,"['German Knee Society', 'Ludwig-Maximilians-Universität München', 'German Knee Society']","['DE', 'DE', 'DE']"
10.1016/j.appdev.2008.10.013,"['Eastern Kentucky University', 'University of Louisville', 'University of Louisville']","['US', 'US', 'US']"
10.1136/archdischild-2012-303578,['Cardiff University'],['GB']
10.1353/jod.1995.0002,[None],[None]
10.1016/j.jecp.2019.04.006,"['New York University', 'New York University', 'New York University', 'New York University', 'New York University']","['US', 'US', 'US', 'US', 'US']"
10.1016/j.appdev.2005.12.010,"['University of Louisville', 'University of Louisville', 'University of Louisville', 'Eastern Kentucky University']","['US', 'US', 'US', 'US']"
10.2139/ssrn.1646411,['Innovations for Poverty Action'],['US']
10.1111/j.0952-1895.2004.00256.x,['John F. Kennedy University'],['US']
10.1017/s0012162204001446,"['University of Louisville', 'University of Louisville', 'University of North Carolina at Chapel Hill', 'University of North Carolina at Chapel Hill', 'Jeffco Public Schools']","['US', 'US', 'US', 'US', 'US']"
10.1016/j.enbuild.2019.109525,['Institute of Philosophy and Sociology'],['PL']
10.1111/j.1469-8749.2004.tb00448.x,"['University of Louisville', 'University of Louisville', 'University of North Carolina at Chapel Hill', 'University of North Carolina at Chapel Hill', 'Jeffco Public Schools']","['US', 'US', 'US', 'US', 'US']"
10.1017/s0047279400020341,[None],[None]
10.1002/jid.921,['University of Bath'],['GB']
10.1111/j.1468-4446.2012.01419.x,"['University of Surrey', 'University of Surrey']","['GB', 'GB']"
10.1525/vo.2002.6.1.14,['Africa Center'],['US']
10.1111/j.1741-3737.2002.00384.x,['Portland State University'],['US']
10.1016/j.ehb.2021.100987,"['University of Bamberg', 'University of Bamberg']","['DE', 'DE']"
10.1080/00220380500405501,['International Food Policy Research Institute'],['US']
10.1001/jamapediatrics.2013.3139,"['Washington University in St. Louis', 'Washington University in St. Louis', 'Washington University in St. Louis', 'Washington University in St. Louis', 'Washington University in St. Louis', 'Washington University in St. Louis', 'Washington University in St. Louis', 'Washington University in St. Louis']","['US', 'US', 'US', 'US', 'US', 'US', 'US', 'US']"
10.1080/14649880600768538,['London School of Economics and Political Science'],['GB']
10.1017/s004727940300713x,"['University of York', 'University of York']","['GB', 'GB']"
10.1176/appi.ps.53.5.565,"['University of Pennsylvania', None, None, None]","['US', None, None, None]"
10.1257/0895330053147895,"['National Bureau of Economic Research', 'National Bureau of Economic Research']","['US', 'US']"
10.1300/j013v12n03_02,['New York State Department of State'],['US']
10.1257/aer.100.1.5,['Princeton University'],['US']
10.1177/00139160121972846,['University of Illinois Urbana-Champaign'],['US']
10.1017/s0047279400019280,"[None, None, None]","[None, None, None]"
10.1111/1467-7717.00159,['University of Auckland'],['NZ']
10.1086/261740,[None],[None]
10.1017/s1355770x98000060,"['The Research Council of Norway', 'The Research Council of Norway', 'The Research Council of Norway']","['NO', 'NO', 'NO']"
10.1093/ej/ueab007,"['Institut für Urheber- und Medienrecht', 'Center for Economic Research and Graduate Education – Economics Institute', 'Center for Economic Research and Graduate Education – Economics Institute', ""King's College London""]","['DE', 'CZ', 'CZ', 'GB']"
10.2139/ssrn.1625524,['University of Southern California'],['US']
10.2139/ssrn.3900869,"['Center for Economic Research and Graduate Education – Economics Institute', 'Center for Economic Research and Graduate Education – Economics Institute', 'Charles University', 'Wageningen University & Research']","['CZ', 'CZ', 'CZ', 'NL']"
10.1016/s0921-8009(01)00184-7,['Northern Illinois University'],['US']
10.2139/ssrn.248476,['University of Sydney'],['AU']
10.1515/1935-1690.1408,[None],[None]
10.2202/1935-1682.2973,['Princeton University'],['US']
10.1111/j.1728-4457.2001.00033.x,"['Centre for Development Economics', ""The King's College""]","['IN', 'US']"
10.1177/0022002705284829,['University of Amsterdam'],['NL']
10.1080/03031853.2018.1523016,"['Chinhoyi University of Technology', 'University of Zimbabwe']","['ZW', 'ZW']"
10.1257/aer.102.2.1118,"['Center for Economic Research and Graduate Education – Economics Institute', 'Charles University', 'Wagner College']","['CZ', 'CZ', 'US']"
10.1177/0963721419881154,"['Radboud University Nijmegen', 'University of Newcastle Australia']","['NL', 'AU']"
10.1177/17470218221097047,"['Aston University', 'Aston University']","['GB', 'GB']"
10.1111/j.1475-4991.2011.00458.x,"['Universidade de Vigo', 'Universidade de Vigo', 'Universidade de Vigo']","['ES', 'ES', 'ES']"
10.1080/13545701.2010.508574,"['World Bank', 'World Bank']","['US', 'US']"
10.1080/0042098032000053888,['University of Pennsylvania'],['US']
10.2139/ssrn.4366567,['Renmin University of China'],['CN']
10.1002/hec.1462,['World Bank'],['US']
10.1111/j.1574-0864.2006.00117.x,"['Mekelle University', 'Norwegian University of Life Sciences']","['ET', 'NO']"
10.1111/j.1467-9833.2009.01445.x,['University of Oxford'],['GB']
10.5860/choice.40-1721,[None],[None]
10.2139/ssrn.3247690,"['Center for Economic Research and Graduate Education – Economics Institute', 'Charles University', 'Charles University', 'Wageningen University & Research']","['CZ', 'CZ', 'CZ', 'NL']"
10.1016/j.jebo.2019.05.007,"['University of Cape Town', 'University of Cape Town', 'University of Cape Town']","['ZA', 'ZA', 'ZA']"
10.2139/ssrn.1720983,['Inter-American Development Bank'],['US']
10.1504/ijhd.2017.087937,"[""Mount St. Mary's University""]",['US']
10.1111/1468-246x.00061,['World Bank'],['US']
10.1111/j.1467-9353.2007.00356.x,['University of Hawaiʻi at Mānoa'],['US']
10.1017/s0047279406009834,['Umeå University'],['SE']
10.1017/s095457941800007x,"['New York University', 'New York University', 'New York University', 'New York University', 'Weill Cornell Medicine', 'Emotional Brain (Netherlands)', 'Emotional Brain (Netherlands)', 'New York University', 'New York University']","['US', 'US', 'US', 'US', 'US', 'NL', 'NL', 'US', 'US']"
10.1080/00324720903497081,"['University of Groningen', 'University of Groningen']","['NL', 'NL']"
10.1016/j.eap.2024.03.006,"['Shaanxi Normal University', 'Nanjing Agricultural University']","['CN', 'CN']"
10.2489/jswc.66.2.87,"['University of Gothenburg', 'University of Gothenburg']","['SE', 'SE']"
10.1353/sof.2004.0112,['Umeå University'],['SE']
10.1111/j.1467-8268.2007.00167.x,"['Conference Board', 'Conference Board']","['US', 'US']"
10.3325/cmj.2008.3.423,['University of Malawi'],['MW']
10.1111/j.1465-7295.2009.00198.x,"['A.P. Giannini Foundation', None]","['US', None]"
10.1177/0001699309104000,['Mannheim Centre for European Social Research'],['DE']
10.1111/j.1728-4465.1999..x,['David and Lucile Packard Foundation'],['US']
10.1111/risa.12976,"['University of Washington', 'University of Washington', 'University of Washington', 'Colby College']","['US', 'US', 'US', 'US']"
10.1016/j.gloenvcha.2006.02.006,['Tyndall Centre'],['GB']
